Date,Product,Category,Sales,Quantity,Price
2024-01-01,Laptop,Electronics,412400.57,7,55000
2024-01-01,Smartphone,Electronics,221692.49,7,30000
2024-01-01,Headphones,Accessories,12790.55,5,2500
2024-01-01,Keyboard,Accessories,2752.32,2,1500
2024-01-01,Mouse,Accessories,2376.53,3,800
2024-01-01,Office Chair,Furniture,46092.04,5,9000
2024-01-01,Desk,Furniture,31857.85,3,12000
2024-01-01,Monitor,Electronics,31598.39,2,15000
2024-01-02,Laptop,Electronics,307217.26,6,55000
2024-01-02,Smartphone,Electronics,110882.05,4,30000
2024-01-02,Headphones,Accessories,10267.97,4,2500
2024-01-02,Keyboard,Accessories,7377.5,5,1500
2024-01-02,Mouse,Accessories,804.76,1,800
2024-01-02,Office Chair,Furniture,57549.15,7,9000
2024-01-02,Desk,Furniture,53457.66,4,12000
2024-01-02,Monitor,Electronics,103892.96,7,15000
2024-01-03,Laptop,Electronics,395938.87,7,55000
2024-01-03,Smartphone,Electronics,120409.95,4,30000
2024-01-03,Headphones,Accessories,2227.87,1,2500
2024-01-03,Keyboard,Accessories,4694.73,3,1500
2024-01-03,Mouse,Accessories,716.49,1,800
2024-01-03,Office Chair,Furniture,39820.62,4,9000
2024-01-03,Desk,Furniture,77329.11,6,12000
2024-01-03,Monitor,Electronics,13257.48,1,15000
2024-01-04,Laptop,Electronics,114863.75,2,55000
2024-01-04,Smartphone,Electronics,219236.48,7,30000
2024-01-04,Headphones,Accessories,9988.42,4,2500
2024-01-04,Keyboard,Accessories,9676.88,7,1500
2024-01-04,Mouse,Accessories,753.69,1,800
2024-01-04,Office Chair,Furniture,34373.18,4,9000
2024-01-04,Desk,Furniture,66953.23,6,12000
2024-01-04,Monitor,Electronics,55461.9,4,15000
2024-01-05,Laptop,Electronics,416627.11,7,55000
2024-01-05,Smartphone,Electronics,132657.57,4,30000
2024-01-05,Headphones,Accessories,16535.97,6,2500
2024-01-05,Keyboard,Accessories,11563.12,7,1500
2024-01-05,Mouse,Accessories,4449.77,6,800
2024-01-05,Office Chair,Furniture,9996.13,1,9000
2024-01-05,Desk,Furniture,58396.95,5,12000
2024-01-05,Monitor,Electronics,30285.78,2,15000
2024-01-06,Laptop,Electronics,122282.74,2,55000
2024-01-06,Smartphone,Electronics,121229.65,4,30000
2024-01-06,Headphones,Accessories,2377.76,1,2500
2024-01-06,Keyboard,Accessories,6734.19,5,1500
2024-01-06,Mouse,Accessories,6282.34,8,800
2024-01-06,Office Chair,Furniture,8349.23,1,9000
2024-01-06,Desk,Furniture,103268.23,8,12000
2024-01-06,Monitor,Electronics,15760.83,1,15000
2024-01-07,Laptop,Electronics,175742.31,3,55000
2024-01-07,Smartphone,Electronics,165346.83,5,30000
2024-01-07,Headphones,Accessories,4539.04,2,2500
2024-01-07,Keyboard,Accessories,13008.11,8,1500
2024-01-07,Mouse,Accessories,3070.13,4,800
2024-01-07,Office Chair,Furniture,68733.77,8,9000
2024-01-07,Desk,Furniture,63306.33,5,12000
2024-01-07,Monitor,Electronics,98363.8,6,15000
2024-01-08,Laptop,Electronics,53454.63,1,55000
2024-01-08,Smartphone,Electronics,220747.54,7,30000
2024-01-08,Headphones,Accessories,2633.04,1,2500
2024-01-08,Keyboard,Accessories,11182.84,7,1500
2024-01-08,Mouse,Accessories,4982.34,7,800
2024-01-08,Office Chair,Furniture,61904.42,7,9000
2024-01-08,Desk,Furniture,23650.58,2,12000
2024-01-08,Monitor,Electronics,39939.44,3,15000
2024-01-09,Laptop,Electronics,382724.21,7,55000
2024-01-09,Smartphone,Electronics,150308.54,5,30000
2024-01-09,Headphones,Accessories,13701.59,6,2500
2024-01-09,Keyboard,Accessories,10274.16,7,1500
2024-01-09,Mouse,Accessories,2228.96,3,800
2024-01-09,Office Chair,Furniture,40431.38,5,9000
2024-01-09,Desk,Furniture,37682.94,3,12000
2024-01-09,Monitor,Electronics,66187.65,4,15000
2024-01-10,Laptop,Electronics,261511.82,5,55000
2024-01-10,Smartphone,Electronics,163372.58,5,30000
2024-01-10,Headphones,Accessories,9324.26,4,2500
2024-01-10,Keyboard,Accessories,6565.28,4,1500
2024-01-10,Mouse,Accessories,2298.82,3,800
2024-01-10,Office Chair,Furniture,68988.9,7,9000
2024-01-10,Desk,Furniture,92201.66,7,12000
2024-01-10,Monitor,Electronics,14020.57,1,15000
2024-01-11,Laptop,Electronics,290441.21,6,55000
2024-01-11,Smartphone,Electronics,162986.3,5,30000
2024-01-11,Headphones,Accessories,16091.55,7,2500
2024-01-11,Keyboard,Accessories,4410.8,3,1500
2024-01-11,Mouse,Accessories,4184.74,5,800
2024-01-11,Office Chair,Furniture,17298.5,2,9000
2024-01-11,Desk,Furniture,77312.75,7,12000
2024-01-11,Monitor,Electronics,14653.81,1,15000
2024-01-12,Laptop,Electronics,367365.14,6,55000
2024-01-12,Smartphone,Electronics,112710.03,4,30000
2024-01-12,Headphones,Accessories,17488.44,7,2500
2024-01-12,Keyboard,Accessories,1373.31,1,1500
2024-01-12,Mouse,Accessories,755.22,1,800
2024-01-12,Office Chair,Furniture,18011.57,2,9000
2024-01-12,Desk,Furniture,63931.12,6,12000
2024-01-12,Monitor,Electronics,15483.66,1,15000
2024-01-13,Laptop,Electronics,301875.67,6,55000
2024-01-13,Smartphone,Electronics,118496.16,4,30000
2024-01-13,Headphones,Accessories,14071.4,6,2500
2024-01-13,Keyboard,Accessories,5396.43,4,1500
2024-01-13,Mouse,Accessories,2251.48,3,800
2024-01-13,Office Chair,Furniture,52286.47,6,9000
2024-01-13,Desk,Furniture,53569.03,4,12000
2024-01-13,Monitor,Electronics,90772.73,6,15000
2024-01-14,Laptop,Electronics,50389.47,1,55000
2024-01-14,Smartphone,Electronics,83228.8,3,30000
2024-01-14,Headphones,Accessories,13575.08,5,2500
2024-01-14,Keyboard,Accessories,6255.69,4,1500
2024-01-14,Mouse,Accessories,2521.62,3,800
2024-01-14,Office Chair,Furniture,67273.85,8,9000
2024-01-14,Desk,Furniture,88497.4,8,12000
2024-01-14,Monitor,Electronics,14631.26,1,15000
2024-01-15,Laptop,Electronics,425353.85,7,55000
2024-01-15,Smartphone,Electronics,31264.97,1,30000
2024-01-15,Headphones,Accessories,2268.08,1,2500
2024-01-15,Keyboard,Accessories,10604.45,7,1500
2024-01-15,Mouse,Accessories,1507.05,2,800
2024-01-15,Office Chair,Furniture,33191.61,4,9000
2024-01-15,Desk,Furniture,12047.91,1,12000
2024-01-15,Monitor,Electronics,14070.67,1,15000
2024-01-16,Laptop,Electronics,361459.49,6,55000
2024-01-16,Smartphone,Electronics,163774.91,5,30000
2024-01-16,Headphones,Accessories,16823.93,7,2500
2024-01-16,Keyboard,Accessories,4716.39,3,1500
2024-01-16,Mouse,Accessories,2605.24,3,800
2024-01-16,Office Chair,Furniture,57627.19,6,9000
2024-01-16,Desk,Furniture,43209.29,4,12000
2024-01-16,Monitor,Electronics,65739.18,4,15000
2024-01-17,Laptop,Electronics,224260.25,4,55000
2024-01-17,Smartphone,Electronics,199013.76,6,30000
2024-01-17,Headphones,Accessories,2203.04,1,2500
2024-01-17,Keyboard,Accessories,9105.26,6,1500
2024-01-17,Mouse,Accessories,4740.58,6,800
2024-01-17,Office Chair,Furniture,42022.11,5,9000
2024-01-17,Desk,Furniture,10612.06,1,12000
2024-01-17,Monitor,Electronics,86228.63,6,15000
2024-01-18,Laptop,Electronics,212949.55,4,55000
2024-01-18,Smartphone,Electronics,221135.37,7,30000
2024-01-18,Headphones,Accessories,2525.52,1,2500
2024-01-18,Keyboard,Accessories,4357.13,3,1500
2024-01-18,Mouse,Accessories,5264.62,7,800
2024-01-18,Office Chair,Furniture,60130.22,6,9000
2024-01-18,Desk,Furniture,59809.09,5,12000
2024-01-18,Monitor,Electronics,44291.46,3,15000
2024-01-19,Laptop,Electronics,275174.05,5,55000
2024-01-19,Smartphone,Electronics,124865.01,4,30000
2024-01-19,Headphones,Accessories,2317.15,1,2500
2024-01-19,Keyboard,Accessories,7498.55,5,1500
2024-01-19,Mouse,Accessories,2834.67,4,800
2024-01-19,Office Chair,Furniture,8014.18,1,9000
2024-01-19,Desk,Furniture,53074.08,4,12000
2024-01-19,Monitor,Electronics,71032.09,5,15000
2024-01-20,Laptop,Electronics,319716.57,6,55000
2024-01-20,Smartphone,Electronics,33262.12,1,30000
2024-01-20,Headphones,Accessories,12284.55,5,2500
2024-01-20,Keyboard,Accessories,7630.13,5,1500
2024-01-20,Mouse,Accessories,3471.11,4,800
2024-01-20,Office Chair,Furniture,68642.44,8,9000
2024-01-20,Desk,Furniture,90665.66,8,12000
2024-01-20,Monitor,Electronics,41430.52,3,15000
2024-01-21,Laptop,Electronics,53609.93,1,55000
2024-01-21,Smartphone,Electronics,188468.49,6,30000
2024-01-21,Headphones,Accessories,13549.84,6,2500
2024-01-21,Keyboard,Accessories,13411.36,8,1500
2024-01-21,Mouse,Accessories,1505.6,2,800
2024-01-21,Office Chair,Furniture,19630.25,2,9000
2024-01-21,Desk,Furniture,13004.17,1,12000
2024-01-21,Monitor,Electronics,15728.94,1,15000
2024-01-22,Laptop,Electronics,365927.89,7,55000
2024-01-22,Smartphone,Electronics,205956.96,7,30000
2024-01-22,Headphones,Accessories,5440.49,2,2500
2024-01-22,Keyboard,Accessories,6746.87,5,1500
2024-01-22,Mouse,Accessories,5602.04,7,800
2024-01-22,Office Chair,Furniture,41698.16,5,9000
2024-01-22,Desk,Furniture,77111.3,6,12000
2024-01-22,Monitor,Electronics,65567.29,4,15000
2024-01-23,Laptop,Electronics,373503.86,7,55000
2024-01-23,Smartphone,Electronics,59114.03,2,30000
2024-01-23,Headphones,Accessories,15550.96,7,2500
2024-01-23,Keyboard,Accessories,1375.81,1,1500
2024-01-23,Mouse,Accessories,4554.1,6,800
2024-01-23,Office Chair,Furniture,19556.95,2,9000
2024-01-23,Desk,Furniture,10667.56,1,12000
2024-01-23,Monitor,Electronics,85750.54,6,15000
2024-01-24,Laptop,Electronics,150231.6,3,55000
2024-01-24,Smartphone,Electronics,32360.66,1,30000
2024-01-24,Headphones,Accessories,9317.97,4,2500
2024-01-24,Keyboard,Accessories,7423.08,5,1500
2024-01-24,Mouse,Accessories,4283.54,6,800
2024-01-24,Office Chair,Furniture,35234.1,4,9000
2024-01-24,Desk,Furniture,37187.39,3,12000
2024-01-24,Monitor,Electronics,54711.53,4,15000
2024-01-25,Laptop,Electronics,110430.33,2,55000
2024-01-25,Smartphone,Electronics,160174.12,6,30000
2024-01-25,Headphones,Accessories,17220.79,7,2500
2024-01-25,Keyboard,Accessories,2696.49,2,1500
2024-01-25,Mouse,Accessories,3696.96,5,800
2024-01-25,Office Chair,Furniture,58354.3,6,9000
2024-01-25,Desk,Furniture,12542.88,1,12000
2024-01-25,Monitor,Electronics,13823.86,1,15000
2024-01-26,Laptop,Electronics,54239.05,1,55000
2024-01-26,Smartphone,Electronics,162455.33,6,30000
2024-01-26,Headphones,Accessories,2596.12,1,2500
2024-01-26,Keyboard,Accessories,7748.89,5,1500
2024-01-26,Mouse,Accessories,4228.38,5,800
2024-01-26,Office Chair,Furniture,62027.37,7,9000
2024-01-26,Desk,Furniture,58842.24,5,12000
2024-01-26,Monitor,Electronics,60950.94,4,15000
2024-01-27,Laptop,Electronics,175210.71,3,55000
2024-01-27,Smartphone,Electronics,28861.53,1,30000
2024-01-27,Headphones,Accessories,8910.41,4,2500
2024-01-27,Keyboard,Accessories,1432.11,1,1500
2024-01-27,Mouse,Accessories,5034.61,6,800
2024-01-27,Office Chair,Furniture,31828.27,4,9000
2024-01-27,Desk,Furniture,23951.71,2,12000
2024-01-27,Monitor,Electronics,115573.56,8,15000
2024-01-28,Laptop,Electronics,324761.05,6,55000
2024-01-28,Smartphone,Electronics,213968.19,8,30000
2024-01-28,Headphones,Accessories,15486.34,6,2500
2024-01-28,Keyboard,Accessories,2827.84,2,1500
2024-01-28,Mouse,Accessories,1648.33,2,800
2024-01-28,Office Chair,Furniture,18004.49,2,9000
2024-01-28,Desk,Furniture,62649.08,5,12000
2024-01-28,Monitor,Electronics,132794.45,8,15000
2024-01-29,Laptop,Electronics,224528.95,4,55000
2024-01-29,Smartphone,Electronics,96500.5,3,30000
2024-01-29,Headphones,Accessories,9731.61,4,2500
2024-01-29,Keyboard,Accessories,5465.04,4,1500
2024-01-29,Mouse,Accessories,4043.79,5,800
2024-01-29,Office Chair,Furniture,46360.15,5,9000
2024-01-29,Desk,Furniture,13328.23,1,12000
2024-01-29,Monitor,Electronics,27888.13,2,15000
2024-01-30,Laptop,Electronics,246577.85,5,55000
2024-01-30,Smartphone,Electronics,203813.86,7,30000
2024-01-30,Headphones,Accessories,11283.33,5,2500
2024-01-30,Keyboard,Accessories,4323.48,3,1500
2024-01-30,Mouse,Accessories,1530.49,2,800
2024-01-30,Office Chair,Furniture,18784.57,2,9000
2024-01-30,Desk,Furniture,77434.02,6,12000
2024-01-30,Monitor,Electronics,14985.73,1,15000
2024-01-31,Laptop,Electronics,115193.86,2,55000
2024-01-31,Smartphone,Electronics,165719.33,5,30000
2024-01-31,Headphones,Accessories,9803.07,4,2500
2024-01-31,Keyboard,Accessories,7107.66,5,1500
2024-01-31,Mouse,Accessories,1570.61,2,800
2024-01-31,Office Chair,Furniture,30178.47,3,9000
2024-01-31,Desk,Furniture,46525.65,4,12000
2024-01-31,Monitor,Electronics,107029.71,7,15000
2024-02-01,Laptop,Electronics,424801.98,7,55000
2024-02-01,Smartphone,Electronics,140589.49,5,30000
2024-02-01,Headphones,Accessories,18553.66,7,2500
2024-02-01,Keyboard,Accessories,1405.77,1,1500
2024-02-01,Mouse,Accessories,5263.74,6,800
2024-02-01,Office Chair,Furniture,53955.43,6,9000
2024-02-01,Desk,Furniture,11481.74,1,12000
2024-02-01,Monitor,Electronics,40679.84,3,15000
2024-02-02,Laptop,Electronics,194172.23,4,55000
2024-02-02,Smartphone,Electronics,32499.43,1,30000
2024-02-02,Headphones,Accessories,2391.59,1,2500
2024-02-02,Keyboard,Accessories,9381.82,6,1500
2024-02-02,Mouse,Accessories,3256.4,4,800
2024-02-02,Office Chair,Furniture,56699.26,7,9000
2024-02-02,Desk,Furniture,57022.24,5,12000
2024-02-02,Monitor,Electronics,15193.33,1,15000
2024-02-03,Laptop,Electronics,291656.72,5,55000
2024-02-03,Smartphone,Electronics,256202.65,8,30000
2024-02-03,Headphones,Accessories,18037.79,8,2500
2024-02-03,Keyboard,Accessories,3341.46,2,1500
2024-02-03,Mouse,Accessories,4857.06,6,800
2024-02-03,Office Chair,Furniture,47559.98,5,9000
2024-02-03,Desk,Furniture,57853.18,5,12000
2024-02-03,Monitor,Electronics,33374.29,2,15000
2024-02-04,Laptop,Electronics,58451.94,1,55000
2024-02-04,Smartphone,Electronics,130565.82,4,30000
2024-02-04,Headphones,Accessories,13502.78,6,2500
2024-02-04,Keyboard,Accessories,7000.64,5,1500
2024-02-04,Mouse,Accessories,861.8,1,800
2024-02-04,Office Chair,Furniture,16473.33,2,9000
2024-02-04,Desk,Furniture,54021.66,5,12000
2024-02-04,Monitor,Electronics,45878.1,3,15000
2024-02-05,Laptop,Electronics,266462.38,5,55000
2024-02-05,Smartphone,Electronics,112416.53,4,30000
2024-02-05,Headphones,Accessories,19541.2,7,2500
2024-02-05,Keyboard,Accessories,5784.31,4,1500
2024-02-05,Mouse,Accessories,2880.13,4,800
2024-02-05,Office Chair,Furniture,43682.27,5,9000
2024-02-05,Desk,Furniture,82472.32,7,12000
2024-02-05,Monitor,Electronics,28777.82,2,15000
2024-02-06,Laptop,Electronics,329415.91,6,55000
2024-02-06,Smartphone,Electronics,146587.28,5,30000
2024-02-06,Headphones,Accessories,13402.69,6,2500
2024-02-06,Keyboard,Accessories,6384.76,4,1500
2024-02-06,Mouse,Accessories,5800.54,7,800
2024-02-06,Office Chair,Furniture,9391.05,1,9000
2024-02-06,Desk,Furniture,53324.23,4,12000
2024-02-06,Monitor,Electronics,104438.42,7,15000
2024-02-07,Laptop,Electronics,59865.51,1,55000
2024-02-07,Smartphone,Electronics,177249.71,6,30000
2024-02-07,Headphones,Accessories,4414.59,2,2500
2024-02-07,Keyboard,Accessories,6677.69,5,1500
2024-02-07,Mouse,Accessories,3561.66,5,800
2024-02-07,Office Chair,Furniture,50324.02,5,9000
2024-02-07,Desk,Furniture,56443.06,5,12000
2024-02-07,Monitor,Electronics,50068.47,3,15000
2024-02-08,Laptop,Electronics,101188.09,2,55000
2024-02-08,Smartphone,Electronics,31409.39,1,30000
2024-02-08,Headphones,Accessories,19582.49,7,2500
2024-02-08,Keyboard,Accessories,9182.12,6,1500
2024-02-08,Mouse,Accessories,4989.08,7,800
2024-02-08,Office Chair,Furniture,39963.19,4,9000
2024-02-08,Desk,Furniture,71233.75,6,12000
2024-02-08,Monitor,Electronics,57633.5,4,15000
2024-02-09,Laptop,Electronics,101766.4,2,55000
2024-02-09,Smartphone,Electronics,58391.06,2,30000
2024-02-09,Headphones,Accessories,10200.77,4,2500
2024-02-09,Keyboard,Accessories,5798.9,4,1500
2024-02-09,Mouse,Accessories,3573.41,4,800
2024-02-09,Office Chair,Furniture,47938.81,6,9000
2024-02-09,Desk,Furniture,11451.44,1,12000
2024-02-09,Monitor,Electronics,61480.06,4,15000
2024-02-10,Laptop,Electronics,250790.22,5,55000
2024-02-10,Smartphone,Electronics,96966.8,3,30000
2024-02-10,Headphones,Accessories,4899.97,2,2500
2024-02-10,Keyboard,Accessories,7704.15,5,1500
2024-02-10,Mouse,Accessories,1439.78,2,800
2024-02-10,Office Chair,Furniture,58744.19,6,9000
2024-02-10,Desk,Furniture,55173.61,5,12000
2024-02-10,Monitor,Electronics,15999.37,1,15000
2024-02-11,Laptop,Electronics,122864.09,2,55000
2024-02-11,Smartphone,Electronics,29112.52,1,30000
2024-02-11,Headphones,Accessories,4857.07,2,2500
2024-02-11,Keyboard,Accessories,9710.99,6,1500
2024-02-11,Mouse,Accessories,864.96,1,800
2024-02-11,Office Chair,Furniture,15999.07,2,9000
2024-02-11,Desk,Furniture,90779.3,8,12000
2024-02-11,Monitor,Electronics,130504.0,8,15000
2024-02-12,Laptop,Electronics,55453.37,1,55000
2024-02-12,Smartphone,Electronics,167878.93,5,30000
2024-02-12,Headphones,Accessories,12755.45,5,2500
2024-02-12,Keyboard,Accessories,8300.58,5,1500
2024-02-12,Mouse,Accessories,1553.09,2,800
2024-02-12,Office Chair,Furniture,44465.88,5,9000
2024-02-12,Desk,Furniture,67704.93,6,12000
2024-02-12,Monitor,Electronics,76911.14,5,15000
2024-02-13,Laptop,Electronics,359955.08,6,55000
2024-02-13,Smartphone,Electronics,57957.54,2,30000
2024-02-13,Headphones,Accessories,18220.61,7,2500
2024-02-13,Keyboard,Accessories,2982.87,2,1500
2024-02-13,Mouse,Accessories,2411.61,3,800
2024-02-13,Office Chair,Furniture,38733.57,4,9000
2024-02-13,Desk,Furniture,48702.01,4,12000
2024-02-13,Monitor,Electronics,96303.27,6,15000
2024-02-14,Laptop,Electronics,50169.0,1,55000
2024-02-14,Smartphone,Electronics,205995.0,7,30000
2024-02-14,Headphones,Accessories,12860.93,5,2500
2024-02-14,Keyboard,Accessories,3219.63,2,1500
2024-02-14,Mouse,Accessories,5111.28,7,800
2024-02-14,Office Chair,Furniture,40151.2,4,9000
2024-02-14,Desk,Furniture,24517.93,2,12000
2024-02-14,Monitor,Electronics,91184.02,6,15000
2024-02-15,Laptop,Electronics,181004.68,3,55000
2024-02-15,Smartphone,Electronics,121366.45,4,30000
2024-02-15,Headphones,Accessories,2670.19,1,2500
2024-02-15,Keyboard,Accessories,5709.06,4,1500
2024-02-15,Mouse,Accessories,1739.15,2,800
2024-02-15,Office Chair,Furniture,48201.9,5,9000
2024-02-15,Desk,Furniture,26457.14,2,12000
2024-02-15,Monitor,Electronics,31936.21,2,15000
2024-02-16,Laptop,Electronics,217842.37,4,55000
2024-02-16,Smartphone,Electronics,61739.6,2,30000
2024-02-16,Headphones,Accessories,4794.5,2,2500
2024-02-16,Keyboard,Accessories,4586.02,3,1500
2024-02-16,Mouse,Accessories,2155.7,3,800
2024-02-16,Office Chair,Furniture,8913.86,1,9000
2024-02-16,Desk,Furniture,81990.06,7,12000
2024-02-16,Monitor,Electronics,55419.07,4,15000
2024-02-17,Laptop,Electronics,60237.61,1,55000
2024-02-17,Smartphone,Electronics,90329.1,3,30000
2024-02-17,Headphones,Accessories,5122.32,2,2500
2024-02-17,Keyboard,Accessories,4004.14,3,1500
2024-02-17,Mouse,Accessories,3851.28,5,800
2024-02-17,Office Chair,Furniture,16604.69,2,9000
2024-02-17,Desk,Furniture,60701.5,5,12000
2024-02-17,Monitor,Electronics,74294.02,5,15000
2024-02-18,Laptop,Electronics,120407.34,2,55000
2024-02-18,Smartphone,Electronics,30024.6,1,30000
2024-02-18,Headphones,Accessories,11964.75,5,2500
2024-02-18,Keyboard,Accessories,3215.58,2,1500
2024-02-18,Mouse,Accessories,836.05,1,800
2024-02-18,Office Chair,Furniture,49554.43,6,9000
2024-02-18,Desk,Furniture,52837.37,5,12000
2024-02-18,Monitor,Electronics,64409.3,4,15000
2024-02-19,Laptop,Electronics,56284.07,1,55000
2024-02-19,Smartphone,Electronics,111629.26,4,30000
2024-02-19,Headphones,Accessories,19280.98,7,2500
2024-02-19,Keyboard,Accessories,9255.43,6,1500
2024-02-19,Mouse,Accessories,5642.02,7,800
2024-02-19,Office Chair,Furniture,19069.07,2,9000
2024-02-19,Desk,Furniture,65912.93,6,12000
2024-02-19,Monitor,Electronics,47304.18,3,15000
2024-02-20,Laptop,Electronics,416826.32,7,55000
2024-02-20,Smartphone,Electronics,90693.65,3,30000
2024-02-20,Headphones,Accessories,13601.64,5,2500
2024-02-20,Keyboard,Accessories,9070.45,6,1500
2024-02-20,Mouse,Accessories,5068.94,7,800
2024-02-20,Office Chair,Furniture,61144.54,7,9000
2024-02-20,Desk,Furniture,24368.44,2,12000
2024-02-20,Monitor,Electronics,13961.21,1,15000
2024-02-21,Laptop,Electronics,110932.86,2,55000
2024-02-21,Smartphone,Electronics,32811.8,1,30000
2024-02-21,Headphones,Accessories,9937.53,4,2500
2024-02-21,Keyboard,Accessories,3208.2,2,1500
2024-02-21,Mouse,Accessories,3980.4,5,800
2024-02-21,Office Chair,Furniture,36320.6,4,9000
2024-02-21,Desk,Furniture,24332.6,2,12000
2024-02-21,Monitor,Electronics,15232.05,1,15000
2024-02-22,Laptop,Electronics,104291.68,2,55000
2024-02-22,Smartphone,Electronics,197264.77,6,30000
2024-02-22,Headphones,Accessories,4693.22,2,2500
2024-02-22,Keyboard,Accessories,5025.44,3,1500
2024-02-22,Mouse,Accessories,4416.34,5,800
2024-02-22,Office Chair,Furniture,40699.25,5,9000
2024-02-22,Desk,Furniture,69673.37,6,12000
2024-02-22,Monitor,Electronics,65051.77,4,15000
2024-02-23,Laptop,Electronics,312979.54,6,55000
2024-02-23,Smartphone,Electronics,187604.94,7,30000
2024-02-23,Headphones,Accessories,2248.14,1,2500
2024-02-23,Keyboard,Accessories,3979.7,3,1500
2024-02-23,Mouse,Accessories,4463.08,5,800
2024-02-23,Office Chair,Furniture,68996.75,7,9000
2024-02-23,Desk,Furniture,53408.3,4,12000
2024-02-23,Monitor,Electronics,52876.32,4,15000
2024-02-24,Laptop,Electronics,310825.9,6,55000
2024-02-24,Smartphone,Electronics,187285.39,6,30000
2024-02-24,Headphones,Accessories,2631.07,1,2500
2024-02-24,Keyboard,Accessories,4577.34,3,1500
2024-02-24,Mouse,Accessories,2595.02,3,800
2024-02-24,Office Chair,Furniture,41620.07,5,9000
2024-02-24,Desk,Furniture,75645.26,6,12000
2024-02-24,Monitor,Electronics,60109.59,4,15000
2024-02-25,Laptop,Electronics,55393.89,1,55000
2024-02-25,Smartphone,Electronics,30796.46,1,30000
2024-02-25,Headphones,Accessories,15292.46,6,2500
2024-02-25,Keyboard,Accessories,4966.58,3,1500
2024-02-25,Mouse,Accessories,4031.29,5,800
2024-02-25,Office Chair,Furniture,8717.54,1,9000
2024-02-25,Desk,Furniture,24279.95,2,12000
2024-02-25,Monitor,Electronics,33527.71,2,15000
2024-02-26,Laptop,Electronics,287181.72,5,55000
2024-02-26,Smartphone,Electronics,112933.65,4,30000
2024-02-26,Headphones,Accessories,11008.13,5,2500
2024-02-26,Keyboard,Accessories,1534.43,1,1500
2024-02-26,Mouse,Accessories,4698.44,6,800
2024-02-26,Office Chair,Furniture,48902.82,6,9000
2024-02-26,Desk,Furniture,64760.92,5,12000
2024-02-26,Monitor,Electronics,58682.66,4,15000
2024-02-27,Laptop,Electronics,290237.25,5,55000
2024-02-27,Smartphone,Electronics,27876.01,1,30000
2024-02-27,Headphones,Accessories,6719.69,3,2500
2024-02-27,Keyboard,Accessories,8023.88,6,1500
2024-02-27,Mouse,Accessories,3654.18,5,800
2024-02-27,Office Chair,Furniture,9541.08,1,9000
2024-02-27,Desk,Furniture,44125.32,4,12000
2024-02-27,Monitor,Electronics,69355.29,5,15000
2024-02-28,Laptop,Electronics,171541.81,3,55000
2024-02-28,Smartphone,Electronics,65873.27,2,30000
2024-02-28,Headphones,Accessories,2726.32,1,2500
2024-02-28,Keyboard,Accessories,1565.87,1,1500
2024-02-28,Mouse,Accessories,5887.32,7,800
2024-02-28,Office Chair,Furniture,27804.18,3,9000
2024-02-28,Desk,Furniture,12713.12,1,12000
2024-02-28,Monitor,Electronics,106952.65,7,15000
2024-02-29,Laptop,Electronics,60274.38,1,55000
2024-02-29,Smartphone,Electronics,211605.62,7,30000
2024-02-29,Headphones,Accessories,13719.42,5,2500
2024-02-29,Keyboard,Accessories,4546.28,3,1500
2024-02-29,Mouse,Accessories,5306.69,6,800
2024-02-29,Office Chair,Furniture,66485.9,7,9000
2024-02-29,Desk,Furniture,21922.21,2,12000
2024-02-29,Monitor,Electronics,114541.45,7,15000
2024-03-01,Laptop,Electronics,55441.69,1,55000
2024-03-01,Smartphone,Electronics,213686.8,7,30000
2024-03-01,Headphones,Accessories,11455.02,5,2500
2024-03-01,Keyboard,Accessories,1574.51,1,1500
2024-03-01,Mouse,Accessories,2540.51,3,800
2024-03-01,Office Chair,Furniture,50170.9,6,9000
2024-03-01,Desk,Furniture,25511.76,2,12000
2024-03-01,Monitor,Electronics,47750.06,3,15000
2024-03-02,Laptop,Electronics,355443.58,6,55000
2024-03-02,Smartphone,Electronics,233020.12,8,30000
2024-03-02,Headphones,Accessories,11382.47,5,2500
2024-03-02,Keyboard,Accessories,12856.21,8,1500
2024-03-02,Mouse,Accessories,3986.9,5,800
2024-03-02,Office Chair,Furniture,37920.26,4,9000
2024-03-02,Desk,Furniture,21190.29,2,12000
2024-03-02,Monitor,Electronics,47094.64,3,15000
2024-03-03,Laptop,Electronics,231414.26,4,55000
2024-03-03,Smartphone,Electronics,86667.03,3,30000
2024-03-03,Headphones,Accessories,8326.33,3,2500
2024-03-03,Keyboard,Accessories,8411.08,6,1500
2024-03-03,Mouse,Accessories,6341.64,8,800
2024-03-03,Office Chair,Furniture,55489.76,6,9000
2024-03-03,Desk,Furniture,24496.68,2,12000
2024-03-03,Monitor,Electronics,81377.16,6,15000
2024-03-04,Laptop,Electronics,48639.05,1,55000
2024-03-04,Smartphone,Electronics,122677.33,4,30000
2024-03-04,Headphones,Accessories,10156.32,4,2500
2024-03-04,Keyboard,Accessories,6417.72,4,1500
2024-03-04,Mouse,Accessories,4198.95,5,800
2024-03-04,Office Chair,Furniture,19171.79,2,9000
2024-03-04,Desk,Furniture,86151.38,7,12000
2024-03-04,Monitor,Electronics,80870.14,6,15000
2024-03-05,Laptop,Electronics,364401.87,6,55000
2024-03-05,Smartphone,Electronics,197741.64,6,30000
2024-03-05,Headphones,Accessories,2267.94,1,2500
2024-03-05,Keyboard,Accessories,6897.94,5,1500
2024-03-05,Mouse,Accessories,2911.74,4,800
2024-03-05,Office Chair,Furniture,8637.44,1,9000
2024-03-05,Desk,Furniture,72325.52,6,12000
2024-03-05,Monitor,Electronics,102454.87,7,15000
2024-03-06,Laptop,Electronics,58224.1,1,55000
2024-03-06,Smartphone,Electronics,64361.09,2,30000
2024-03-06,Headphones,Accessories,12811.16,5,2500
2024-03-06,Keyboard,Accessories,4390.02,3,1500
2024-03-06,Mouse,Accessories,869.8,1,800
2024-03-06,Office Chair,Furniture,52008.64,6,9000
2024-03-06,Desk,Furniture,23889.62,2,12000
2024-03-06,Monitor,Electronics,44483.95,3,15000
2024-03-07,Laptop,Electronics,146500.73,3,55000
2024-03-07,Smartphone,Electronics,82242.51,3,30000
2024-03-07,Headphones,Accessories,2499.02,1,2500
2024-03-07,Keyboard,Accessories,7993.18,6,1500
2024-03-07,Mouse,Accessories,773.58,1,800
2024-03-07,Office Chair,Furniture,59637.12,7,9000
2024-03-07,Desk,Furniture,21195.42,2,12000
2024-03-07,Monitor,Electronics,75273.13,5,15000
2024-03-08,Laptop,Electronics,61086.13,1,55000
2024-03-08,Smartphone,Electronics,30412.6,1,30000
2024-03-08,Headphones,Accessories,13507.26,6,2500
2024-03-08,Keyboard,Accessories,6932.03,5,1500
2024-03-08,Mouse,Accessories,5728.2,7,800
2024-03-08,Office Chair,Furniture,43891.04,5,9000
2024-03-08,Desk,Furniture,33493.58,3,12000
2024-03-08,Monitor,Electronics,43373.38,3,15000
2024-03-09,Laptop,Electronics,305502.47,6,55000
2024-03-09,Smartphone,Electronics,145598.13,5,30000
2024-03-09,Headphones,Accessories,6718.28,3,2500
2024-03-09,Keyboard,Accessories,9462.37,6,1500
2024-03-09,Mouse,Accessories,1609.37,2,800
2024-03-09,Office Chair,Furniture,35836.6,4,9000
2024-03-09,Desk,Furniture,73030.58,6,12000
2024-03-09,Monitor,Electronics,108565.87,8,15000
2024-03-10,Laptop,Electronics,246983.22,5,55000
2024-03-10,Smartphone,Electronics,87263.48,3,30000
2024-03-10,Headphones,Accessories,5476.92,2,2500
2024-03-10,Keyboard,Accessories,2934.29,2,1500
2024-03-10,Mouse,Accessories,7135.64,8,800
2024-03-10,Office Chair,Furniture,19585.41,2,9000
2024-03-10,Desk,Furniture,12148.96,1,12000
2024-03-10,Monitor,Electronics,42095.61,3,15000
2024-03-11,Laptop,Electronics,165218.11,3,55000
2024-03-11,Smartphone,Electronics,173056.52,6,30000
2024-03-11,Headphones,Accessories,11535.63,5,2500
2024-03-11,Keyboard,Accessories,1520.42,1,1500
2024-03-11,Mouse,Accessories,1717.24,2,800
2024-03-11,Office Chair,Furniture,55337.44,6,9000
2024-03-11,Desk,Furniture,77706.2,6,12000
2024-03-11,Monitor,Electronics,66399.5,4,15000
2024-03-12,Laptop,Electronics,306634.76,6,55000
2024-03-12,Smartphone,Electronics,201129.1,7,30000
2024-03-12,Headphones,Accessories,4415.6,2,2500
2024-03-12,Keyboard,Accessories,11094.48,7,1500
2024-03-12,Mouse,Accessories,3545.47,5,800
2024-03-12,Office Chair,Furniture,49065.6,5,9000
2024-03-12,Desk,Furniture,58868.51,5,12000
2024-03-12,Monitor,Electronics,32956.49,2,15000
2024-03-13,Laptop,Electronics,264559.95,5,55000
2024-03-13,Smartphone,Electronics,64681.55,2,30000
2024-03-13,Headphones,Accessories,7662.53,3,2500
2024-03-13,Keyboard,Accessories,6476.14,4,1500
2024-03-13,Mouse,Accessories,3913.04,5,800
2024-03-13,Office Chair,Furniture,52221.34,6,9000
2024-03-13,Desk,Furniture,57040.31,5,12000
2024-03-13,Monitor,Electronics,66833.48,4,15000
2024-03-14,Laptop,Electronics,200997.98,4,55000
2024-03-14,Smartphone,Electronics,60947.18,2,30000
2024-03-14,Headphones,Accessories,8210.19,3,2500
2024-03-14,Keyboard,Accessories,1494.52,1,1500
2024-03-14,Mouse,Accessories,755.59,1,800
2024-03-14,Office Chair,Furniture,18576.63,2,9000
2024-03-14,Desk,Furniture,78315.35,7,12000
2024-03-14,Monitor,Electronics,97234.49,6,15000
2024-03-15,Laptop,Electronics,200584.18,4,55000
2024-03-15,Smartphone,Electronics,138180.45,5,30000
2024-03-15,Headphones,Accessories,18269.37,7,2500
2024-03-15,Keyboard,Accessories,9894.89,6,1500
2024-03-15,Mouse,Accessories,4302.45,5,800
2024-03-15,Office Chair,Furniture,8511.96,1,9000
2024-03-15,Desk,Furniture,11727.11,1,12000
2024-03-15,Monitor,Electronics,97122.42,6,15000
2024-03-16,Laptop,Electronics,398454.71,8,55000
2024-03-16,Smartphone,Electronics,164313.46,6,30000
2024-03-16,Headphones,Accessories,2359.9,1,2500
2024-03-16,Keyboard,Accessories,4605.21,3,1500
2024-03-16,Mouse,Accessories,3302.22,4,800
2024-03-16,Office Chair,Furniture,41494.01,5,9000
2024-03-16,Desk,Furniture,64868.74,5,12000
2024-03-16,Monitor,Electronics,72896.49,5,15000
2024-03-17,Laptop,Electronics,107941.75,2,55000
2024-03-17,Smartphone,Electronics,55194.48,2,30000
2024-03-17,Headphones,Accessories,6931.87,3,2500
2024-03-17,Keyboard,Accessories,7685.67,5,1500
2024-03-17,Mouse,Accessories,1434.21,2,800
2024-03-17,Office Chair,Furniture,25630.74,3,9000
2024-03-17,Desk,Furniture,50523.41,4,12000
2024-03-17,Monitor,Electronics,123179.65,8,15000
2024-03-18,Laptop,Electronics,328103.19,6,55000
2024-03-18,Smartphone,Electronics,232885.98,7,30000
2024-03-18,Headphones,Accessories,15837.26,6,2500
2024-03-18,Keyboard,Accessories,1417.17,1,1500
2024-03-18,Mouse,Accessories,5280.48,7,800
2024-03-18,Office Chair,Furniture,29213.11,3,9000
2024-03-18,Desk,Furniture,11989.53,1,12000
2024-03-18,Monitor,Electronics,68784.1,5,15000
2024-03-19,Laptop,Electronics,58576.04,1,55000
2024-03-19,Smartphone,Electronics,144397.81,5,30000
2024-03-19,Headphones,Accessories,2447.68,1,2500
2024-03-19,Keyboard,Accessories,7839.12,5,1500
2024-03-19,Mouse,Accessories,1584.52,2,800
2024-03-19,Office Chair,Furniture,29067.78,3,9000
2024-03-19,Desk,Furniture,52833.69,5,12000
2024-03-19,Monitor,Electronics,42539.17,3,15000
2024-03-20,Laptop,Electronics,99521.67,2,55000
2024-03-20,Smartphone,Electronics,135296.95,5,30000
2024-03-20,Headphones,Accessories,8331.78,3,2500
2024-03-20,Keyboard,Accessories,1662.09,1,1500
2024-03-20,Mouse,Accessories,5628.63,7,800
2024-03-20,Office Chair,Furniture,36362.02,4,9000
2024-03-20,Desk,Furniture,38006.42,3,12000
2024-03-20,Monitor,Electronics,79662.65,5,15000
2024-03-21,Laptop,Electronics,287690.25,5,55000
2024-03-21,Smartphone,Electronics,200760.92,6,30000
2024-03-21,Headphones,Accessories,4987.31,2,2500
2024-03-21,Keyboard,Accessories,10986.8,7,1500
2024-03-21,Mouse,Accessories,885.26,1,800
2024-03-21,Office Chair,Furniture,56107.78,7,9000
2024-03-21,Desk,Furniture,94066.97,7,12000
2024-03-21,Monitor,Electronics,30489.21,2,15000
2024-03-22,Laptop,Electronics,105059.37,2,55000
2024-03-22,Smartphone,Electronics,219949.98,7,30000
2024-03-22,Headphones,Accessories,2315.56,1,2500
2024-03-22,Keyboard,Accessories,2943.67,2,1500
2024-03-22,Mouse,Accessories,3975.25,5,800
2024-03-22,Office Chair,Furniture,48231.28,6,9000
2024-03-22,Desk,Furniture,34437.03,3,12000
2024-03-22,Monitor,Electronics,31040.74,2,15000
2024-03-23,Laptop,Electronics,337624.57,6,55000
2024-03-23,Smartphone,Electronics,91310.63,3,30000
2024-03-23,Headphones,Accessories,11230.86,5,2500
2024-03-23,Keyboard,Accessories,7554.48,5,1500
2024-03-23,Mouse,Accessories,1686.31,2,800
2024-03-23,Office Chair,Furniture,36625.78,4,9000
2024-03-23,Desk,Furniture,12110.6,1,12000
2024-03-23,Monitor,Electronics,86085.05,6,15000
2024-03-24,Laptop,Electronics,110532.44,2,55000
2024-03-24,Smartphone,Electronics,154171.07,5,30000
2024-03-24,Headphones,Accessories,14703.02,6,2500
2024-03-24,Keyboard,Accessories,4899.71,3,1500
2024-03-24,Mouse,Accessories,4224.27,6,800
2024-03-24,Office Chair,Furniture,45312.52,5,9000
2024-03-24,Desk,Furniture,32285.06,3,12000
2024-03-24,Monitor,Electronics,86775.38,6,15000
2024-03-25,Laptop,Electronics,297412.64,6,55000
2024-03-25,Smartphone,Electronics,179130.63,6,30000
2024-03-25,Headphones,Accessories,2548.45,1,2500
2024-03-25,Keyboard,Accessories,6697.08,4,1500
2024-03-25,Mouse,Accessories,1443.21,2,800
2024-03-25,Office Chair,Furniture,61810.92,7,9000
2024-03-25,Desk,Furniture,63344.71,5,12000
2024-03-25,Monitor,Electronics,13597.71,1,15000
2024-03-26,Laptop,Electronics,313922.63,6,55000
2024-03-26,Smartphone,Electronics,57066.84,2,30000
2024-03-26,Headphones,Accessories,15320.79,6,2500
2024-03-26,Keyboard,Accessories,1647.72,1,1500
2024-03-26,Mouse,Accessories,5502.93,7,800
2024-03-26,Office Chair,Furniture,8765.92,1,9000
2024-03-26,Desk,Furniture,44754.28,4,12000
2024-03-26,Monitor,Electronics,32145.52,2,15000
2024-03-27,Laptop,Electronics,247901.13,5,55000
2024-03-27,Smartphone,Electronics,200836.68,6,30000
2024-03-27,Headphones,Accessories,19367.87,7,2500
2024-03-27,Keyboard,Accessories,4936.02,3,1500
2024-03-27,Mouse,Accessories,1472.14,2,800
2024-03-27,Office Chair,Furniture,32241.48,4,9000
2024-03-27,Desk,Furniture,51891.75,4,12000
2024-03-27,Monitor,Electronics,92327.11,6,15000
2024-03-28,Laptop,Electronics,249942.36,5,55000
2024-03-28,Smartphone,Electronics,83013.01,3,30000
2024-03-28,Headphones,Accessories,4444.08,2,2500
2024-03-28,Keyboard,Accessories,3201.3,2,1500
2024-03-28,Mouse,Accessories,5146.49,6,800
2024-03-28,Office Chair,Furniture,60079.57,6,9000
2024-03-28,Desk,Furniture,12052.59,1,12000
2024-03-28,Monitor,Electronics,67126.67,4,15000
2024-03-29,Laptop,Electronics,259175.4,5,55000
2024-03-29,Smartphone,Electronics,95577.95,3,30000
2024-03-29,Headphones,Accessories,16786.81,6,2500
2024-03-29,Keyboard,Accessories,4841.1,3,1500
2024-03-29,Mouse,Accessories,4941.62,6,800
2024-03-29,Office Chair,Furniture,45399.32,5,9000
2024-03-29,Desk,Furniture,13137.37,1,12000
2024-03-29,Monitor,Electronics,67646.76,5,15000
2024-03-30,Laptop,Electronics,53563.44,1,55000
2024-03-30,Smartphone,Electronics,81997.52,3,30000
2024-03-30,Headphones,Accessories,2226.63,1,2500
2024-03-30,Keyboard,Accessories,3260.73,2,1500
2024-03-30,Mouse,Accessories,767.18,1,800
2024-03-30,Office Chair,Furniture,9109.85,1,9000
2024-03-30,Desk,Furniture,34111.22,3,12000
2024-03-30,Monitor,Electronics,58166.71,4,15000
2024-03-31,Laptop,Electronics,173847.44,3,55000
2024-03-31,Smartphone,Electronics,60469.48,2,30000
2024-03-31,Headphones,Accessories,11660.55,5,2500
2024-03-31,Keyboard,Accessories,8210.06,5,1500
2024-03-31,Mouse,Accessories,4337.16,5,800
2024-03-31,Office Chair,Furniture,44790.34,5,9000
2024-03-31,Desk,Furniture,65853.8,5,12000
2024-03-31,Monitor,Electronics,43356.34,3,15000
2024-04-01,Laptop,Electronics,111155.76,2,55000
2024-04-01,Smartphone,Electronics,141613.02,5,30000
2024-04-01,Headphones,Accessories,15076.54,6,2500
2024-04-01,Keyboard,Accessories,6504.84,4,1500
2024-04-01,Mouse,Accessories,2204.39,3,800
2024-04-01,Office Chair,Furniture,48639.74,5,9000
2024-04-01,Desk,Furniture,13238.66,1,12000
2024-04-01,Monitor,Electronics,61708.0,4,15000
2024-04-02,Laptop,Electronics,305386.35,6,55000
2024-04-02,Smartphone,Electronics,163711.35,5,30000
2024-04-02,Headphones,Accessories,4958.56,2,2500
2024-04-02,Keyboard,Accessories,11321.06,7,1500
2024-04-02,Mouse,Accessories,1722.86,2,800
2024-04-02,Office Chair,Furniture,47629.89,5,9000
2024-04-02,Desk,Furniture,73942.58,7,12000
2024-04-02,Monitor,Electronics,32391.37,2,15000
2024-04-03,Laptop,Electronics,259073.43,5,55000
2024-04-03,Smartphone,Electronics,56933.35,2,30000
2024-04-03,Headphones,Accessories,14375.16,6,2500
2024-04-03,Keyboard,Accessories,1547.45,1,1500
2024-04-03,Mouse,Accessories,5434.28,7,800
2024-04-03,Office Chair,Furniture,48022.33,5,9000
2024-04-03,Desk,Furniture,68256.17,6,12000
2024-04-03,Monitor,Electronics,106039.92,7,15000
2024-04-04,Laptop,Electronics,105825.43,2,55000
2024-04-04,Smartphone,Electronics,110769.52,4,30000
2024-04-04,Headphones,Accessories,11307.53,5,2500
2024-04-04,Keyboard,Accessories,5530.21,4,1500
2024-04-04,Mouse,Accessories,2868.1,4,800
2024-04-04,Office Chair,Furniture,24838.13,3,9000
2024-04-04,Desk,Furniture,43015.88,4,12000
2024-04-04,Monitor,Electronics,29809.73,2,15000
2024-04-05,Laptop,Electronics,339576.51,6,55000
2024-04-05,Smartphone,Electronics,97612.16,3,30000
2024-04-05,Headphones,Accessories,16704.56,6,2500
2024-04-05,Keyboard,Accessories,7402.72,5,1500
2024-04-05,Mouse,Accessories,2186.93,3,800
2024-04-05,Office Chair,Furniture,43743.01,5,9000
2024-04-05,Desk,Furniture,53118.58,5,12000
2024-04-05,Monitor,Electronics,87231.6,6,15000
2024-04-06,Laptop,Electronics,155199.35,3,55000
2024-04-06,Smartphone,Electronics,236884.0,8,30000
2024-04-06,Headphones,Accessories,14886.74,6,2500
2024-04-06,Keyboard,Accessories,5893.7,4,1500
2024-04-06,Mouse,Accessories,4340.04,5,800
2024-04-06,Office Chair,Furniture,77094.31,8,9000
2024-04-06,Desk,Furniture,57096.59,5,12000
2024-04-06,Monitor,Electronics,31964.32,2,15000
2024-04-07,Laptop,Electronics,228158.19,4,55000
2024-04-07,Smartphone,Electronics,97949.97,3,30000
2024-04-07,Headphones,Accessories,13743.81,6,2500
2024-04-07,Keyboard,Accessories,6333.03,4,1500
2024-04-07,Mouse,Accessories,6276.7,8,800
2024-04-07,Office Chair,Furniture,30010.09,3,9000
2024-04-07,Desk,Furniture,34049.22,3,12000
2024-04-07,Monitor,Electronics,42969.08,3,15000
2024-04-08,Laptop,Electronics,120404.22,2,55000
2024-04-08,Smartphone,Electronics,222390.19,7,30000
2024-04-08,Headphones,Accessories,6656.04,3,2500
2024-04-08,Keyboard,Accessories,1577.37,1,1500
2024-04-08,Mouse,Accessories,1739.91,2,800
2024-04-08,Office Chair,Furniture,30033.89,3,9000
2024-04-08,Desk,Furniture,66879.96,6,12000
2024-04-08,Monitor,Electronics,79978.74,5,15000
2024-04-09,Laptop,Electronics,380721.29,7,55000
2024-04-09,Smartphone,Electronics,63758.75,2,30000
2024-04-09,Headphones,Accessories,8034.24,3,2500
2024-04-09,Keyboard,Accessories,5326.84,4,1500
2024-04-09,Mouse,Accessories,3559.05,4,800
2024-04-09,Office Chair,Furniture,38562.08,4,9000
2024-04-09,Desk,Furniture,10563.55,1,12000
2024-04-09,Monitor,Electronics,95554.68,7,15000
2024-04-10,Laptop,Electronics,206670.11,4,55000
2024-04-10,Smartphone,Electronics,27843.78,1,30000
2024-04-10,Headphones,Accessories,2296.5,1,2500
2024-04-10,Keyboard,Accessories,9177.06,6,1500
2024-04-10,Mouse,Accessories,4086.65,5,800
2024-04-10,Office Chair,Furniture,30138.6,3,9000
2024-04-10,Desk,Furniture,10593.47,1,12000
2024-04-10,Monitor,Electronics,31299.29,2,15000
2024-04-11,Laptop,Electronics,109470.39,2,55000
2024-04-11,Smartphone,Electronics,221183.14,7,30000
2024-04-11,Headphones,Accessories,7850.97,3,2500
2024-04-11,Keyboard,Accessories,1662.95,1,1500
2024-04-11,Mouse,Accessories,711.61,1,800
2024-04-11,Office Chair,Furniture,57229.13,6,9000
2024-04-11,Desk,Furniture,11257.09,1,12000
2024-04-11,Monitor,Electronics,15255.26,1,15000
2024-04-12,Laptop,Electronics,384897.27,7,55000
2024-04-12,Smartphone,Electronics,167487.1,6,30000
2024-04-12,Headphones,Accessories,2535.79,1,2500
2024-04-12,Keyboard,Accessories,2875.05,2,1500
2024-04-12,Mouse,Accessories,1613.15,2,800
2024-04-12,Office Chair,Furniture,8677.35,1,9000
2024-04-12,Desk,Furniture,12934.6,1,12000
2024-04-12,Monitor,Electronics,29257.85,2,15000
2024-04-13,Laptop,Electronics,122605.11,2,55000
2024-04-13,Smartphone,Electronics,62728.3,2,30000
2024-04-13,Headphones,Accessories,5385.73,2,2500
2024-04-13,Keyboard,Accessories,2760.59,2,1500
2024-04-13,Mouse,Accessories,886.7,1,800
2024-04-13,Office Chair,Furniture,47229.94,5,9000
2024-04-13,Desk,Furniture,73637.74,6,12000
2024-04-13,Monitor,Electronics,13387.1,1,15000
2024-04-14,Laptop,Electronics,57759.6,1,55000
2024-04-14,Smartphone,Electronics,61804.39,2,30000
2024-04-14,Headphones,Accessories,9614.68,4,2500
2024-04-14,Keyboard,Accessories,4483.15,3,1500
2024-04-14,Mouse,Accessories,2627.41,3,800
2024-04-14,Office Chair,Furniture,36842.19,4,9000
2024-04-14,Desk,Furniture,71176.06,6,12000
2024-04-14,Monitor,Electronics,40040.14,3,15000
2024-04-15,Laptop,Electronics,232227.93,4,55000
2024-04-15,Smartphone,Electronics,94856.25,3,30000
2024-04-15,Headphones,Accessories,9393.05,4,2500
2024-04-15,Keyboard,Accessories,7462.7,5,1500
2024-04-15,Mouse,Accessories,2238.27,3,800
2024-04-15,Office Chair,Furniture,62549.16,7,9000
2024-04-15,Desk,Furniture,55422.5,5,12000
2024-04-15,Monitor,Electronics,103328.11,7,15000
2024-04-16,Laptop,Electronics,151602.23,3,55000
2024-04-16,Smartphone,Electronics,189469.52,6,30000
2024-04-16,Headphones,Accessories,14396.33,6,2500
2024-04-16,Keyboard,Accessories,1497.58,1,1500
2024-04-16,Mouse,Accessories,2969.25,4,800
2024-04-16,Office Chair,Furniture,25189.24,3,9000
2024-04-16,Desk,Furniture,63889.68,6,12000
2024-04-16,Monitor,Electronics,16225.63,1,15000
2024-04-17,Laptop,Electronics,59861.2,1,55000
2024-04-17,Smartphone,Electronics,205761.73,7,30000
2024-04-17,Headphones,Accessories,10309.04,4,2500
2024-04-17,Keyboard,Accessories,5814.3,4,1500
2024-04-17,Mouse,Accessories,3203.72,4,800
2024-04-17,Office Chair,Furniture,19585.58,2,9000
2024-04-17,Desk,Furniture,11823.21,1,12000
2024-04-17,Monitor,Electronics,73119.27,5,15000
2024-04-18,Laptop,Electronics,239716.75,4,55000
2024-04-18,Smartphone,Electronics,64218.57,2,30000
2024-04-18,Headphones,Accessories,16562.68,7,2500
2024-04-18,Keyboard,Accessories,4266.56,3,1500
2024-04-18,Mouse,Accessories,3722.24,5,800
2024-04-18,Office Chair,Furniture,44630.78,5,9000
2024-04-18,Desk,Furniture,63356.83,5,12000
2024-04-18,Monitor,Electronics,47980.8,3,15000
2024-04-19,Laptop,Electronics,241596.92,4,55000
2024-04-19,Smartphone,Electronics,216680.04,7,30000
2024-04-19,Headphones,Accessories,16697.02,6,2500
2024-04-19,Keyboard,Accessories,10280.84,7,1500
2024-04-19,Mouse,Accessories,4791.1,6,800
2024-04-19,Office Chair,Furniture,48782.22,6,9000
2024-04-19,Desk,Furniture,59212.4,5,12000
2024-04-19,Monitor,Electronics,101452.68,7,15000
2024-04-20,Laptop,Electronics,99314.9,2,55000
2024-04-20,Smartphone,Electronics,29215.79,1,30000
2024-04-20,Headphones,Accessories,2439.43,1,2500
2024-04-20,Keyboard,Accessories,4669.28,3,1500
2024-04-20,Mouse,Accessories,6535.8,8,800
2024-04-20,Office Chair,Furniture,32810.75,4,9000
2024-04-20,Desk,Furniture,56213.2,5,12000
2024-04-20,Monitor,Electronics,112398.25,8,15000
2024-04-21,Laptop,Electronics,162704.17,3,55000
2024-04-21,Smartphone,Electronics,59262.4,2,30000
2024-04-21,Headphones,Accessories,10789.32,4,2500
2024-04-21,Keyboard,Accessories,1481.8,1,1500
2024-04-21,Mouse,Accessories,2658.38,3,800
2024-04-21,Office Chair,Furniture,8280.81,1,9000
2024-04-21,Desk,Furniture,46610.21,4,12000
2024-04-21,Monitor,Electronics,47553.14,3,15000
2024-04-22,Laptop,Electronics,277211.79,5,55000
2024-04-22,Smartphone,Electronics,32478.03,1,30000
2024-04-22,Headphones,Accessories,9871.28,4,2500
2024-04-22,Keyboard,Accessories,11428.04,7,1500
2024-04-22,Mouse,Accessories,3230.65,4,800
2024-04-22,Office Chair,Furniture,34010.64,4,9000
2024-04-22,Desk,Furniture,21828.31,2,12000
2024-04-22,Monitor,Electronics,82858.9,5,15000
2024-04-23,Laptop,Electronics,284240.2,5,55000
2024-04-23,Smartphone,Electronics,88967.5,3,30000
2024-04-23,Headphones,Accessories,11265.67,5,2500
2024-04-23,Keyboard,Accessories,1502.6,1,1500
2024-04-23,Mouse,Accessories,5016.82,6,800
2024-04-23,Office Chair,Furniture,40204.48,4,9000
2024-04-23,Desk,Furniture,31722.68,3,12000
2024-04-23,Monitor,Electronics,28726.54,2,15000
2024-04-24,Laptop,Electronics,299282.61,5,55000
2024-04-24,Smartphone,Electronics,197612.92,7,30000
2024-04-24,Headphones,Accessories,7479.92,3,2500
2024-04-24,Keyboard,Accessories,6046.43,4,1500
2024-04-24,Mouse,Accessories,4968.28,7,800
2024-04-24,Office Chair,Furniture,41150.26,5,9000
2024-04-24,Desk,Furniture,22282.68,2,12000
2024-04-24,Monitor,Electronics,96492.02,7,15000
2024-04-25,Laptop,Electronics,248197.45,5,55000
2024-04-25,Smartphone,Electronics,147975.01,5,30000
2024-04-25,Headphones,Accessories,13890.04,5,2500
2024-04-25,Keyboard,Accessories,10985.42,7,1500
2024-04-25,Mouse,Accessories,6243.28,7,800
2024-04-25,Office Chair,Furniture,28187.45,3,9000
2024-04-25,Desk,Furniture,22526.29,2,12000
2024-04-25,Monitor,Electronics,32656.12,2,15000
2024-04-26,Laptop,Electronics,48801.11,1,55000
2024-04-26,Smartphone,Electronics,31364.59,1,30000
2024-04-26,Headphones,Accessories,2560.37,1,2500
2024-04-26,Keyboard,Accessories,10900.39,7,1500
2024-04-26,Mouse,Accessories,4160.29,5,800
2024-04-26,Office Chair,Furniture,8150.24,1,9000
2024-04-26,Desk,Furniture,44074.99,4,12000
2024-04-26,Monitor,Electronics,86071.21,6,15000
2024-04-27,Laptop,Electronics,53771.19,1,55000
2024-04-27,Smartphone,Electronics,160165.88,5,30000
2024-04-27,Headphones,Accessories,11866.06,5,2500
2024-04-27,Keyboard,Accessories,4908.8,3,1500
2024-04-27,Mouse,Accessories,4254.58,5,800
2024-04-27,Office Chair,Furniture,37448.01,4,9000
2024-04-27,Desk,Furniture,78935.77,6,12000
2024-04-27,Monitor,Electronics,80360.65,5,15000
2024-04-28,Laptop,Electronics,179608.46,3,55000
2024-04-28,Smartphone,Electronics,27265.51,1,30000
2024-04-28,Headphones,Accessories,15536.67,6,2500
2024-04-28,Keyboard,Accessories,7184.25,5,1500
2024-04-28,Mouse,Accessories,3284.35,4,800
2024-04-28,Office Chair,Furniture,75377.67,8,9000
2024-04-28,Desk,Furniture,48558.72,4,12000
2024-04-28,Monitor,Electronics,14055.16,1,15000
2024-04-29,Laptop,Electronics,54266.34,1,55000
2024-04-29,Smartphone,Electronics,161562.06,6,30000
2024-04-29,Headphones,Accessories,6903.2,3,2500
2024-04-29,Keyboard,Accessories,9258.1,6,1500
2024-04-29,Mouse,Accessories,4800.51,6,800
2024-04-29,Office Chair,Furniture,48924.0,5,9000
2024-04-29,Desk,Furniture,23880.09,2,12000
2024-04-29,Monitor,Electronics,80647.79,5,15000
2024-04-30,Laptop,Electronics,53418.58,1,55000
2024-04-30,Smartphone,Electronics,60383.38,2,30000
2024-04-30,Headphones,Accessories,17641.13,7,2500
2024-04-30,Keyboard,Accessories,10233.8,7,1500
2024-04-30,Mouse,Accessories,6020.65,7,800
2024-04-30,Office Chair,Furniture,18930.92,2,9000
2024-04-30,Desk,Furniture,31837.53,3,12000
2024-04-30,Monitor,Electronics,103257.72,7,15000
2024-05-01,Laptop,Electronics,345386.3,7,55000
2024-05-01,Smartphone,Electronics,197071.51,7,30000
2024-05-01,Headphones,Accessories,7284.13,3,2500
2024-05-01,Keyboard,Accessories,6625.59,4,1500
2024-05-01,Mouse,Accessories,4448.13,6,800
2024-05-01,Office Chair,Furniture,53816.9,6,9000
2024-05-01,Desk,Furniture,56902.17,5,12000
2024-05-01,Monitor,Electronics,49639.74,3,15000
2024-05-02,Laptop,Electronics,222067.72,4,55000
2024-05-02,Smartphone,Electronics,61588.81,2,30000
2024-05-02,Headphones,Accessories,4879.89,2,2500
2024-05-02,Keyboard,Accessories,7344.39,5,1500
2024-05-02,Mouse,Accessories,804.32,1,800
2024-05-02,Office Chair,Furniture,65738.5,7,9000
2024-05-02,Desk,Furniture,25726.74,2,12000
2024-05-02,Monitor,Electronics,110267.97,7,15000
2024-05-03,Laptop,Electronics,55888.52,1,55000
2024-05-03,Smartphone,Electronics,66015.64,2,30000
2024-05-03,Headphones,Accessories,9960.51,4,2500
2024-05-03,Keyboard,Accessories,11295.69,7,1500
2024-05-03,Mouse,Accessories,2849.34,4,800
2024-05-03,Office Chair,Furniture,16325.15,2,9000
2024-05-03,Desk,Furniture,61463.21,5,12000
2024-05-03,Monitor,Electronics,90327.78,6,15000
2024-05-04,Laptop,Electronics,205642.61,4,55000
2024-05-04,Smartphone,Electronics,31055.56,1,30000
2024-05-04,Headphones,Accessories,4832.93,2,2500
2024-05-04,Keyboard,Accessories,3288.02,2,1500
2024-05-04,Mouse,Accessories,749.48,1,800
2024-05-04,Office Chair,Furniture,42862.25,5,9000
2024-05-04,Desk,Furniture,39034.15,3,12000
2024-05-04,Monitor,Electronics,124825.44,8,15000
2024-05-05,Laptop,Electronics,117039.72,2,55000
2024-05-05,Smartphone,Electronics,59305.45,2,30000
2024-05-05,Headphones,Accessories,4583.58,2,2500
2024-05-05,Keyboard,Accessories,1585.27,1,1500
2024-05-05,Mouse,Accessories,1589.59,2,800
2024-05-05,Office Chair,Furniture,40633.72,5,9000
2024-05-05,Desk,Furniture,62044.39,5,12000
2024-05-05,Monitor,Electronics,55769.08,4,15000
2024-05-06,Laptop,Electronics,154385.11,3,55000
2024-05-06,Smartphone,Electronics,185703.07,6,30000
2024-05-06,Headphones,Accessories,2498.06,1,2500
2024-05-06,Keyboard,Accessories,2837.67,2,1500
2024-05-06,Mouse,Accessories,5862.27,7,800
2024-05-06,Office Chair,Furniture,26628.81,3,9000
2024-05-06,Desk,Furniture,63133.41,5,12000
2024-05-06,Monitor,Electronics,13256.96,1,15000
2024-05-07,Laptop,Electronics,236827.73,4,55000
2024-05-07,Smartphone,Electronics,126460.96,4,30000
2024-05-07,Headphones,Accessories,5486.63,2,2500
2024-05-07,Keyboard,Accessories,6742.95,5,1500
2024-05-07,Mouse,Accessories,4378.42,5,800
2024-05-07,Office Chair,Furniture,26359.7,3,9000
2024-05-07,Desk,Furniture,11212.77,1,12000
2024-05-07,Monitor,Electronics,15421.76,1,15000
2024-05-08,Laptop,Electronics,276257.95,5,55000
2024-05-08,Smartphone,Electronics,62442.28,2,30000
2024-05-08,Headphones,Accessories,9360.91,4,2500
2024-05-08,Keyboard,Accessories,7088.07,5,1500
2024-05-08,Mouse,Accessories,1669.17,2,800
2024-05-08,Office Chair,Furniture,34482.24,4,9000
2024-05-08,Desk,Furniture,33324.41,3,12000
2024-05-08,Monitor,Electronics,33557.8,2,15000
2024-05-09,Laptop,Electronics,106381.73,2,55000
2024-05-09,Smartphone,Electronics,94982.05,3,30000
2024-05-09,Headphones,Accessories,14400.85,6,2500
2024-05-09,Keyboard,Accessories,9134.56,6,1500
2024-05-09,Mouse,Accessories,3554.56,4,800
2024-05-09,Office Chair,Furniture,47052.05,5,9000
2024-05-09,Desk,Furniture,11050.98,1,12000
2024-05-09,Monitor,Electronics,27096.07,2,15000
2024-05-10,Laptop,Electronics,59247.85,1,55000
2024-05-10,Smartphone,Electronics,115610.06,4,30000
2024-05-10,Headphones,Accessories,11154.97,4,2500
2024-05-10,Keyboard,Accessories,4961.35,3,1500
2024-05-10,Mouse,Accessories,3635.04,5,800
2024-05-10,Office Chair,Furniture,24747.66,3,9000
2024-05-10,Desk,Furniture,63415.4,5,12000
2024-05-10,Monitor,Electronics,56308.66,4,15000
2024-05-11,Laptop,Electronics,331659.87,6,55000
2024-05-11,Smartphone,Electronics,169504.44,6,30000
2024-05-11,Headphones,Accessories,21750.49,8,2500
2024-05-11,Keyboard,Accessories,8086.92,5,1500
2024-05-11,Mouse,Accessories,4407.52,6,800
2024-05-11,Office Chair,Furniture,39990.53,5,9000
2024-05-11,Desk,Furniture,11214.79,1,12000
2024-05-11,Monitor,Electronics,72482.46,5,15000
2024-05-12,Laptop,Electronics,264857.24,5,55000
2024-05-12,Smartphone,Electronics,30387.38,1,30000
2024-05-12,Headphones,Accessories,8085.51,3,2500
2024-05-12,Keyboard,Accessories,8885.96,6,1500
2024-05-12,Mouse,Accessories,3486.72,4,800
2024-05-12,Office Chair,Furniture,59435.32,6,9000
2024-05-12,Desk,Furniture,36644.43,3,12000
2024-05-12,Monitor,Electronics,65060.52,4,15000
2024-05-13,Laptop,Electronics,110030.44,2,55000
2024-05-13,Smartphone,Electronics,27237.84,1,30000
2024-05-13,Headphones,Accessories,5153.54,2,2500
2024-05-13,Keyboard,Accessories,9816.42,6,1500
2024-05-13,Mouse,Accessories,5055.08,6,800
2024-05-13,Office Chair,Furniture,28879.4,3,9000
2024-05-13,Desk,Furniture,51671.83,4,12000
2024-05-13,Monitor,Electronics,102555.1,7,15000
2024-05-14,Laptop,Electronics,100860.09,2,55000
2024-05-14,Smartphone,Electronics,86675.75,3,30000
2024-05-14,Headphones,Accessories,10175.3,4,2500
2024-05-14,Keyboard,Accessories,3232.19,2,1500
2024-05-14,Mouse,Accessories,796.04,1,800
2024-05-14,Office Chair,Furniture,9913.16,1,9000
2024-05-14,Desk,Furniture,65765.34,6,12000
2024-05-14,Monitor,Electronics,97113.58,6,15000
2024-05-15,Laptop,Electronics,220135.49,4,55000
2024-05-15,Smartphone,Electronics,32341.45,1,30000
2024-05-15,Headphones,Accessories,12102.6,5,2500
2024-05-15,Keyboard,Accessories,6646.46,5,1500
2024-05-15,Mouse,Accessories,748.65,1,800
2024-05-15,Office Chair,Furniture,45534.92,5,9000
2024-05-15,Desk,Furniture,45832.12,4,12000
2024-05-15,Monitor,Electronics,98123.87,6,15000
2024-05-16,Laptop,Electronics,248973.87,5,55000
2024-05-16,Smartphone,Electronics,158414.36,6,30000
2024-05-16,Headphones,Accessories,7715.26,3,2500
2024-05-16,Keyboard,Accessories,5805.31,4,1500
2024-05-16,Mouse,Accessories,5010.45,7,800
2024-05-16,Office Chair,Furniture,25002.75,3,9000
2024-05-16,Desk,Furniture,10727.51,1,12000
2024-05-16,Monitor,Electronics,47745.94,3,15000
2024-05-17,Laptop,Electronics,403021.26,7,55000
2024-05-17,Smartphone,Electronics,29498.43,1,30000
2024-05-17,Headphones,Accessories,2285.35,1,2500
2024-05-17,Keyboard,Accessories,1601.77,1,1500
2024-05-17,Mouse,Accessories,4340.4,6,800
2024-05-17,Office Chair,Furniture,37019.97,4,9000
2024-05-17,Desk,Furniture,53721.95,4,12000
2024-05-17,Monitor,Electronics,14037.52,1,15000
2024-05-18,Laptop,Electronics,209770.19,4,55000
2024-05-18,Smartphone,Electronics,124484.84,4,30000
2024-05-18,Headphones,Accessories,14733.9,6,2500
2024-05-18,Keyboard,Accessories,12841.23,8,1500
2024-05-18,Mouse,Accessories,6322.87,8,800
2024-05-18,Office Chair,Furniture,43425.75,5,9000
2024-05-18,Desk,Furniture,35258.08,3,12000
2024-05-18,Monitor,Electronics,83020.76,6,15000
2024-05-19,Laptop,Electronics,292774.12,5,55000
2024-05-19,Smartphone,Electronics,169138.67,6,30000
2024-05-19,Headphones,Accessories,14932.84,6,2500
2024-05-19,Keyboard,Accessories,9627.13,6,1500
2024-05-19,Mouse,Accessories,4249.88,5,800
2024-05-19,Office Chair,Furniture,16659.48,2,9000
2024-05-19,Desk,Furniture,55898.91,5,12000
2024-05-19,Monitor,Electronics,81017.46,5,15000
2024-05-20,Laptop,Electronics,306407.67,5,55000
2024-05-20,Smartphone,Electronics,53730.48,2,30000
2024-05-20,Headphones,Accessories,9691.38,4,2500
2024-05-20,Keyboard,Accessories,1517.27,1,1500
2024-05-20,Mouse,Accessories,5599.1,7,800
2024-05-20,Office Chair,Furniture,57696.48,7,9000
2024-05-20,Desk,Furniture,65952.84,6,12000
2024-05-20,Monitor,Electronics,56306.08,4,15000
2024-05-21,Laptop,Electronics,109366.88,2,55000
2024-05-21,Smartphone,Electronics,30821.39,1,30000
2024-05-21,Headphones,Accessories,12378.34,5,2500
2024-05-21,Keyboard,Accessories,8321.2,5,1500
2024-05-21,Mouse,Accessories,887.42,1,800
2024-05-21,Office Chair,Furniture,9342.78,1,9000
2024-05-21,Desk,Furniture,12541.83,1,12000
2024-05-21,Monitor,Electronics,53900.4,4,15000
2024-05-22,Laptop,Electronics,59499.5,1,55000
2024-05-22,Smartphone,Electronics,56444.04,2,30000
2024-05-22,Headphones,Accessories,13475.4,5,2500
2024-05-22,Keyboard,Accessories,10901.57,7,1500
2024-05-22,Mouse,Accessories,2371.27,3,800
2024-05-22,Office Chair,Furniture,9246.1,1,9000
2024-05-22,Desk,Furniture,47431.14,4,12000
2024-05-22,Monitor,Electronics,68703.04,5,15000
2024-05-23,Laptop,Electronics,220645.32,4,55000
2024-05-23,Smartphone,Electronics,133721.91,5,30000
2024-05-23,Headphones,Accessories,2647.72,1,2500
2024-05-23,Keyboard,Accessories,1345.95,1,1500
2024-05-23,Mouse,Accessories,2118.97,3,800
2024-05-23,Office Chair,Furniture,45092.66,5,9000
2024-05-23,Desk,Furniture,23780.81,2,12000
2024-05-23,Monitor,Electronics,57835.73,4,15000
2024-05-24,Laptop,Electronics,425869.94,7,55000
2024-05-24,Smartphone,Electronics,83200.22,3,30000
2024-05-24,Headphones,Accessories,7341.84,3,2500
2024-05-24,Keyboard,Accessories,7788.54,5,1500
2024-05-24,Mouse,Accessories,1416.04,2,800
2024-05-24,Office Chair,Furniture,39446.5,4,9000
2024-05-24,Desk,Furniture,13370.85,1,12000
2024-05-24,Monitor,Electronics,97583.32,7,15000
2024-05-25,Laptop,Electronics,51771.46,1,55000
2024-05-25,Smartphone,Electronics,127909.45,4,30000
2024-05-25,Headphones,Accessories,2775.9,1,2500
2024-05-25,Keyboard,Accessories,10680.82,8,1500
2024-05-25,Mouse,Accessories,1531.73,2,800
2024-05-25,Office Chair,Furniture,34209.98,4,9000
2024-05-25,Desk,Furniture,24586.84,2,12000
2024-05-25,Monitor,Electronics,82565.35,5,15000
2024-05-26,Laptop,Electronics,201870.51,4,55000
2024-05-26,Smartphone,Electronics,57671.05,2,30000
2024-05-26,Headphones,Accessories,4669.54,2,2500
2024-05-26,Keyboard,Accessories,1455.36,1,1500
2024-05-26,Mouse,Accessories,4730.19,6,800
2024-05-26,Office Chair,Furniture,8273.56,1,9000
2024-05-26,Desk,Furniture,45012.78,4,12000
2024-05-26,Monitor,Electronics,78167.68,5,15000
2024-05-27,Laptop,Electronics,180322.23,3,55000
2024-05-27,Smartphone,Electronics,142292.64,5,30000
2024-05-27,Headphones,Accessories,16300.93,6,2500
2024-05-27,Keyboard,Accessories,1413.04,1,1500
2024-05-27,Mouse,Accessories,5267.01,7,800
2024-05-27,Office Chair,Furniture,41987.48,5,9000
2024-05-27,Desk,Furniture,77909.73,6,12000
2024-05-27,Monitor,Electronics,95971.26,6,15000
2024-05-28,Laptop,Electronics,196443.71,4,55000
2024-05-28,Smartphone,Electronics,190937.69,6,30000
2024-05-28,Headphones,Accessories,2762.43,1,2500
2024-05-28,Keyboard,Accessories,7910.3,5,1500
2024-05-28,Mouse,Accessories,1458.58,2,800
2024-05-28,Office Chair,Furniture,56829.09,7,9000
2024-05-28,Desk,Furniture,22349.83,2,12000
2024-05-28,Monitor,Electronics,41227.3,3,15000
2024-05-29,Laptop,Electronics,232291.92,4,55000
2024-05-29,Smartphone,Electronics,95576.8,3,30000
2024-05-29,Headphones,Accessories,2505.02,1,2500
2024-05-29,Keyboard,Accessories,9506.95,7,1500
2024-05-29,Mouse,Accessories,5853.86,7,800
2024-05-29,Office Chair,Furniture,64166.85,7,9000
2024-05-29,Desk,Furniture,12752.03,1,12000
2024-05-29,Monitor,Electronics,96453.37,7,15000
2024-05-30,Laptop,Electronics,97046.35,2,55000
2024-05-30,Smartphone,Electronics,31740.33,1,30000
2024-05-30,Headphones,Accessories,8385.26,3,2500
2024-05-30,Keyboard,Accessories,4393.61,3,1500
2024-05-30,Mouse,Accessories,1660.5,2,800
2024-05-30,Office Chair,Furniture,9118.98,1,9000
2024-05-30,Desk,Furniture,74004.23,6,12000
2024-05-30,Monitor,Electronics,47029.15,3,15000
2024-05-31,Laptop,Electronics,277553.91,5,55000
2024-05-31,Smartphone,Electronics,105750.61,4,30000
2024-05-31,Headphones,Accessories,5407.96,2,2500
2024-05-31,Keyboard,Accessories,6353.86,4,1500
2024-05-31,Mouse,Accessories,5087.48,6,800
2024-05-31,Office Chair,Furniture,43573.76,5,9000
2024-05-31,Desk,Furniture,38214.13,3,12000
2024-05-31,Monitor,Electronics,100101.23,7,15000
2024-06-01,Laptop,Electronics,184654.84,3,55000
2024-06-01,Smartphone,Electronics,116698.83,4,30000
2024-06-01,Headphones,Accessories,10532.97,4,2500
2024-06-01,Keyboard,Accessories,9200.98,6,1500
2024-06-01,Mouse,Accessories,4156.52,5,800
2024-06-01,Office Chair,Furniture,56535.21,6,9000
2024-06-01,Desk,Furniture,53218.63,5,12000
2024-06-01,Monitor,Electronics,86878.65,6,15000
2024-06-02,Laptop,Electronics,53517.29,1,55000
2024-06-02,Smartphone,Electronics,30635.06,1,30000
2024-06-02,Headphones,Accessories,10024.26,4,2500
2024-06-02,Keyboard,Accessories,4030.04,3,1500
2024-06-02,Mouse,Accessories,1623.61,2,800
2024-06-02,Office Chair,Furniture,32136.23,4,9000
2024-06-02,Desk,Furniture,24572.37,2,12000
2024-06-02,Monitor,Electronics,42514.06,3,15000
2024-06-03,Laptop,Electronics,210607.3,4,55000
2024-06-03,Smartphone,Electronics,188683.74,7,30000
2024-06-03,Headphones,Accessories,15703.5,6,2500
2024-06-03,Keyboard,Accessories,6410.25,4,1500
2024-06-03,Mouse,Accessories,4465.74,6,800
2024-06-03,Office Chair,Furniture,36149.2,4,9000
2024-06-03,Desk,Furniture,54923.32,5,12000
2024-06-03,Monitor,Electronics,110934.74,7,15000
2024-06-04,Laptop,Electronics,49569.53,1,55000
2024-06-04,Smartphone,Electronics,107401.22,4,30000
2024-06-04,Headphones,Accessories,10565.59,4,2500
2024-06-04,Keyboard,Accessories,4752.31,3,1500
2024-06-04,Mouse,Accessories,4964.24,6,800
2024-06-04,Office Chair,Furniture,9297.12,1,9000
2024-06-04,Desk,Furniture,51290.71,4,12000
2024-06-04,Monitor,Electronics,47007.84,3,15000
2024-06-05,Laptop,Electronics,416397.73,7,55000
2024-06-05,Smartphone,Electronics,95183.71,3,30000
2024-06-05,Headphones,Accessories,5105.32,2,2500
2024-06-05,Keyboard,Accessories,1523.6,1,1500
2024-06-05,Mouse,Accessories,1536.45,2,800
2024-06-05,Office Chair,Furniture,47162.72,5,9000
2024-06-05,Desk,Furniture,77731.72,6,12000
2024-06-05,Monitor,Electronics,78558.07,5,15000
2024-06-06,Laptop,Electronics,157029.53,3,55000
2024-06-06,Smartphone,Electronics,134020.9,5,30000
2024-06-06,Headphones,Accessories,7373.38,3,2500
2024-06-06,Keyboard,Accessories,4367.07,3,1500
2024-06-06,Mouse,Accessories,3981.67,5,800
2024-06-06,Office Chair,Furniture,44548.42,5,9000
2024-06-06,Desk,Furniture,62966.67,5,12000
2024-06-06,Monitor,Electronics,26980.33,2,15000
2024-06-07,Laptop,Electronics,422321.59,7,55000
2024-06-07,Smartphone,Electronics,88635.98,3,30000
2024-06-07,Headphones,Accessories,2204.22,1,2500
2024-06-07,Keyboard,Accessories,1377.21,1,1500
2024-06-07,Mouse,Accessories,2916.88,4,800
2024-06-07,Office Chair,Furniture,9542.97,1,9000
2024-06-07,Desk,Furniture,13315.05,1,12000
2024-06-07,Monitor,Electronics,85307.31,6,15000
2024-06-08,Laptop,Electronics,104249.74,2,55000
2024-06-08,Smartphone,Electronics,113540.73,4,30000
2024-06-08,Headphones,Accessories,21950.02,8,2500
2024-06-08,Keyboard,Accessories,2835.8,2,1500
2024-06-08,Mouse,Accessories,4718.08,6,800
2024-06-08,Office Chair,Furniture,9597.69,1,9000
2024-06-08,Desk,Furniture,44041.52,4,12000
2024-06-08,Monitor,Electronics,53284.04,4,15000
2024-06-09,Laptop,Electronics,226320.13,4,55000
2024-06-09,Smartphone,Electronics,82207.7,3,30000
2024-06-09,Headphones,Accessories,9556.45,4,2500
2024-06-09,Keyboard,Accessories,4335.13,3,1500
2024-06-09,Mouse,Accessories,5995.7,8,800
2024-06-09,Office Chair,Furniture,30002.8,3,9000
2024-06-09,Desk,Furniture,104804.4,8,12000
2024-06-09,Monitor,Electronics,66940.64,5,15000
2024-06-10,Laptop,Electronics,235191.25,4,55000
2024-06-10,Smartphone,Electronics,189971.47,6,30000
2024-06-10,Headphones,Accessories,5575.46,2,2500
2024-06-10,Keyboard,Accessories,7777.51,5,1500
2024-06-10,Mouse,Accessories,1481.42,2,800
2024-06-10,Office Chair,Furniture,8922.09,1,9000
2024-06-10,Desk,Furniture,13287.46,1,12000
2024-06-10,Monitor,Electronics,57832.89,4,15000
2024-06-11,Laptop,Electronics,48690.86,1,55000
2024-06-11,Smartphone,Electronics,140111.41,5,30000
2024-06-11,Headphones,Accessories,4506.61,2,2500
2024-06-11,Keyboard,Accessories,9132.24,6,1500
2024-06-11,Mouse,Accessories,892.26,1,800
2024-06-11,Office Chair,Furniture,48889.51,5,9000
2024-06-11,Desk,Furniture,24245.06,2,12000
2024-06-11,Monitor,Electronics,110237.44,7,15000
2024-06-12,Laptop,Electronics,56490.28,1,55000
2024-06-12,Smartphone,Electronics,178198.59,6,30000
2024-06-12,Headphones,Accessories,2457.18,1,2500
2024-06-12,Keyboard,Accessories,8302.26,5,1500
2024-06-12,Mouse,Accessories,832.45,1,800
2024-06-12,Office Chair,Furniture,19563.78,2,9000
2024-06-12,Desk,Furniture,37304.41,3,12000
2024-06-12,Monitor,Electronics,85476.69,6,15000
2024-06-13,Laptop,Electronics,386155.24,7,55000
2024-06-13,Smartphone,Electronics,115852.03,4,30000
2024-06-13,Headphones,Accessories,6693.52,3,2500
2024-06-13,Keyboard,Accessories,10493.08,7,1500
2024-06-13,Mouse,Accessories,6100.15,7,800
2024-06-13,Office Chair,Furniture,17266.53,2,9000
2024-06-13,Desk,Furniture,76390.98,6,12000
2024-06-13,Monitor,Electronics,97563.01,7,15000
2024-06-14,Laptop,Electronics,285535.54,5,55000
2024-06-14,Smartphone,Electronics,130672.66,4,30000
2024-06-14,Headphones,Accessories,8303.95,3,2500
2024-06-14,Keyboard,Accessories,3180.53,2,1500
2024-06-14,Mouse,Accessories,709.22,1,800
2024-06-14,Office Chair,Furniture,8123.37,1,9000
2024-06-14,Desk,Furniture,39535.66,3,12000
2024-06-14,Monitor,Electronics,14606.62,1,15000
2024-06-15,Laptop,Electronics,149376.76,3,55000
2024-06-15,Smartphone,Electronics,118608.87,4,30000
2024-06-15,Headphones,Accessories,7284.76,3,2500
2024-06-15,Keyboard,Accessories,4436.36,3,1500
2024-06-15,Mouse,Accessories,2229.37,3,800
2024-06-15,Office Chair,Furniture,16246.24,2,9000
2024-06-15,Desk,Furniture,51373.68,4,12000
2024-06-15,Monitor,Electronics,56780.76,4,15000
2024-06-16,Laptop,Electronics,455066.44,8,55000
2024-06-16,Smartphone,Electronics,263909.19,8,30000
2024-06-16,Headphones,Accessories,4589.55,2,2500
2024-06-16,Keyboard,Accessories,6083.26,4,1500
2024-06-16,Mouse,Accessories,1529.64,2,800
2024-06-16,Office Chair,Furniture,26112.89,3,9000
2024-06-16,Desk,Furniture,34072.45,3,12000
2024-06-16,Monitor,Electronics,82239.37,6,15000
2024-06-17,Laptop,Electronics,48840.66,1,55000
2024-06-17,Smartphone,Electronics,158374.87,5,30000
2024-06-17,Headphones,Accessories,7163.69,3,2500
2024-06-17,Keyboard,Accessories,9249.04,6,1500
2024-06-17,Mouse,Accessories,5211.12,6,800
2024-06-17,Office Chair,Furniture,9655.78,1,9000
2024-06-17,Desk,Furniture,68883.84,6,12000
2024-06-17,Monitor,Electronics,14703.94,1,15000
2024-06-18,Laptop,Electronics,350112.89,7,55000
2024-06-18,Smartphone,Electronics,185817.8,6,30000
2024-06-18,Headphones,Accessories,11192.99,4,2500
2024-06-18,Keyboard,Accessories,2947.79,2,1500
2024-06-18,Mouse,Accessories,5102.49,7,800
2024-06-18,Office Chair,Furniture,45645.36,5,9000
2024-06-18,Desk,Furniture,10644.57,1,12000
2024-06-18,Monitor,Electronics,65619.72,4,15000
2024-06-19,Laptop,Electronics,320418.95,6,55000
2024-06-19,Smartphone,Electronics,83248.1,3,30000
2024-06-19,Headphones,Accessories,11889.47,5,2500
2024-06-19,Keyboard,Accessories,9088.11,6,1500
2024-06-19,Mouse,Accessories,2549.52,3,800
2024-06-19,Office Chair,Furniture,8937.72,1,9000
2024-06-19,Desk,Furniture,87057.63,7,12000
2024-06-19,Monitor,Electronics,14488.07,1,15000
2024-06-20,Laptop,Electronics,118428.33,2,55000
2024-06-20,Smartphone,Electronics,115253.99,4,30000
2024-06-20,Headphones,Accessories,4693.21,2,2500
2024-06-20,Keyboard,Accessories,6469.41,4,1500
2024-06-20,Mouse,Accessories,5052.38,6,800
2024-06-20,Office Chair,Furniture,24679.98,3,9000
2024-06-20,Desk,Furniture,12690.25,1,12000
2024-06-20,Monitor,Electronics,31791.55,2,15000
2024-06-21,Laptop,Electronics,54148.67,1,55000
2024-06-21,Smartphone,Electronics,190284.59,6,30000
2024-06-21,Headphones,Accessories,9931.09,4,2500
2024-06-21,Keyboard,Accessories,9880.02,7,1500
2024-06-21,Mouse,Accessories,728.24,1,800
2024-06-21,Office Chair,Furniture,17244.45,2,9000
2024-06-21,Desk,Furniture,50092.83,4,12000
2024-06-21,Monitor,Electronics,97683.92,6,15000
2024-06-22,Laptop,Electronics,245964.01,4,55000
2024-06-22,Smartphone,Electronics,227286.3,8,30000
2024-06-22,Headphones,Accessories,19233.82,8,2500
2024-06-22,Keyboard,Accessories,3009.11,2,1500
2024-06-22,Mouse,Accessories,4639.16,6,800
2024-06-22,Office Chair,Furniture,39958.45,5,9000
2024-06-22,Desk,Furniture,58679.61,5,12000
2024-06-22,Monitor,Electronics,66311.59,4,15000
2024-06-23,Laptop,Electronics,205889.89,4,55000
2024-06-23,Smartphone,Electronics,32076.82,1,30000
2024-06-23,Headphones,Accessories,13696.54,5,2500
2024-06-23,Keyboard,Accessories,4939.77,3,1500
2024-06-23,Mouse,Accessories,2112.11,3,800
2024-06-23,Office Chair,Furniture,24479.21,3,9000
2024-06-23,Desk,Furniture,71314.99,6,12000
2024-06-23,Monitor,Electronics,58295.21,4,15000
2024-06-24,Laptop,Electronics,320527.72,6,55000
2024-06-24,Smartphone,Electronics,193061.71,6,30000
2024-06-24,Headphones,Accessories,7360.59,3,2500
2024-06-24,Keyboard,Accessories,1471.72,1,1500
2024-06-24,Mouse,Accessories,5281.62,6,800
2024-06-24,Office Chair,Furniture,57367.1,7,9000
2024-06-24,Desk,Furniture,11401.59,1,12000
2024-06-24,Monitor,Electronics,48521.22,3,15000
2024-06-25,Laptop,Electronics,177074.31,3,55000
2024-06-25,Smartphone,Electronics,133875.8,4,30000
2024-06-25,Headphones,Accessories,15816.02,6,2500
2024-06-25,Keyboard,Accessories,4638.5,3,1500
2024-06-25,Mouse,Accessories,758.05,1,800
2024-06-25,Office Chair,Furniture,62241.61,7,9000
2024-06-25,Desk,Furniture,65437.87,6,12000
2024-06-25,Monitor,Electronics,54190.1,4,15000
2024-06-26,Laptop,Electronics,294052.99,6,55000
2024-06-26,Smartphone,Electronics,29775.13,1,30000
2024-06-26,Headphones,Accessories,2694.72,1,2500
2024-06-26,Keyboard,Accessories,7135.03,5,1500
2024-06-26,Mouse,Accessories,2532.62,3,800
2024-06-26,Office Chair,Furniture,8023.99,1,9000
2024-06-26,Desk,Furniture,52345.8,4,12000
2024-06-26,Monitor,Electronics,31208.19,2,15000
2024-06-27,Laptop,Electronics,317360.14,6,55000
2024-06-27,Smartphone,Electronics,216359.28,7,30000
2024-06-27,Headphones,Accessories,13514.46,5,2500
2024-06-27,Keyboard,Accessories,8847.03,6,1500
2024-06-27,Mouse,Accessories,2685.37,3,800
2024-06-27,Office Chair,Furniture,18316.87,2,9000
2024-06-27,Desk,Furniture,53716.43,5,12000
2024-06-27,Monitor,Electronics,55971.24,4,15000
2024-06-28,Laptop,Electronics,199668.46,4,55000
2024-06-28,Smartphone,Electronics,150908.63,5,30000
2024-06-28,Headphones,Accessories,2601.52,1,2500
2024-06-28,Keyboard,Accessories,1343.29,1,1500
2024-06-28,Mouse,Accessories,708.83,1,800
2024-06-28,Office Chair,Furniture,61948.06,7,9000
2024-06-28,Desk,Furniture,52730.99,4,12000
2024-06-28,Monitor,Electronics,95915.8,6,15000
2024-06-29,Laptop,Electronics,52898.77,1,55000
2024-06-29,Smartphone,Electronics,118369.34,4,30000
2024-06-29,Headphones,Accessories,12893.92,5,2500
2024-06-29,Keyboard,Accessories,6415.88,4,1500
2024-06-29,Mouse,Accessories,2248.76,3,800
2024-06-29,Office Chair,Furniture,65635.66,8,9000
2024-06-29,Desk,Furniture,46669.57,4,12000
2024-06-29,Monitor,Electronics,83473.79,5,15000
2024-06-30,Laptop,Electronics,243788.04,4,55000
2024-06-30,Smartphone,Electronics,59609.72,2,30000
2024-06-30,Headphones,Accessories,2503.76,1,2500
2024-06-30,Keyboard,Accessories,11732.08,8,1500
2024-06-30,Mouse,Accessories,4517.06,6,800
2024-06-30,Office Chair,Furniture,8005.89,1,9000
2024-06-30,Desk,Furniture,64148.81,6,12000
2024-06-30,Monitor,Electronics,42589.59,3,15000
2024-07-01,Laptop,Electronics,54346.14,1,55000
2024-07-01,Smartphone,Electronics,149353.48,5,30000
2024-07-01,Headphones,Accessories,15398.81,6,2500
2024-07-01,Keyboard,Accessories,7453.72,5,1500
2024-07-01,Mouse,Accessories,803.18,1,800
2024-07-01,Office Chair,Furniture,58589.6,6,9000
2024-07-01,Desk,Furniture,11190.92,1,12000
2024-07-01,Monitor,Electronics,48714.39,3,15000
2024-07-02,Laptop,Electronics,52872.96,1,55000
2024-07-02,Smartphone,Electronics,147787.39,5,30000
2024-07-02,Headphones,Accessories,14628.47,6,2500
2024-07-02,Keyboard,Accessories,9932.59,6,1500
2024-07-02,Mouse,Accessories,860.8,1,800
2024-07-02,Office Chair,Furniture,9252.86,1,9000
2024-07-02,Desk,Furniture,57771.21,5,12000
2024-07-02,Monitor,Electronics,106884.44,7,15000
2024-07-03,Laptop,Electronics,384403.7,7,55000
2024-07-03,Smartphone,Electronics,80168.84,3,30000
2024-07-03,Headphones,Accessories,6836.68,3,2500
2024-07-03,Keyboard,Accessories,8276.84,6,1500
2024-07-03,Mouse,Accessories,3376.53,4,800
2024-07-03,Office Chair,Furniture,47311.55,5,9000
2024-07-03,Desk,Furniture,50011.48,4,12000
2024-07-03,Monitor,Electronics,16165.65,1,15000
2024-07-04,Laptop,Electronics,426952.66,7,55000
2024-07-04,Smartphone,Electronics,132056.34,5,30000
2024-07-04,Headphones,Accessories,6603.79,3,2500
2024-07-04,Keyboard,Accessories,8476.43,6,1500
2024-07-04,Mouse,Accessories,4982.51,7,800
2024-07-04,Office Chair,Furniture,37612.14,4,9000
2024-07-04,Desk,Furniture,24952.08,2,12000
2024-07-04,Monitor,Electronics,14842.45,1,15000
2024-07-05,Laptop,Electronics,99236.32,2,55000
2024-07-05,Smartphone,Electronics,205914.97,7,30000
2024-07-05,Headphones,Accessories,10960.77,4,2500
2024-07-05,Keyboard,Accessories,5395.46,4,1500
2024-07-05,Mouse,Accessories,5935.8,7,800
2024-07-05,Office Chair,Furniture,18728.23,2,9000
2024-07-05,Desk,Furniture,12421.78,1,12000
2024-07-05,Monitor,Electronics,46011.54,3,15000
2024-07-06,Laptop,Electronics,110056.86,2,55000
2024-07-06,Smartphone,Electronics,98927.0,3,30000
2024-07-06,Headphones,Accessories,2292.59,1,2500
2024-07-06,Keyboard,Accessories,4741.89,3,1500
2024-07-06,Mouse,Accessories,2538.81,3,800
2024-07-06,Office Chair,Furniture,40317.59,5,9000
2024-07-06,Desk,Furniture,65816.13,6,12000
2024-07-06,Monitor,Electronics,15701.58,1,15000
2024-07-07,Laptop,Electronics,209178.15,4,55000
2024-07-07,Smartphone,Electronics,27007.63,1,30000
2024-07-07,Headphones,Accessories,17809.95,8,2500
2024-07-07,Keyboard,Accessories,8054.44,5,1500
2024-07-07,Mouse,Accessories,6159.11,8,800
2024-07-07,Office Chair,Furniture,77472.98,8,9000
2024-07-07,Desk,Furniture,77972.04,6,12000
2024-07-07,Monitor,Electronics,97599.77,6,15000
2024-07-08,Laptop,Electronics,229132.64,4,55000
2024-07-08,Smartphone,Electronics,212143.73,7,30000
2024-07-08,Headphones,Accessories,16040.35,6,2500
2024-07-08,Keyboard,Accessories,5605.84,4,1500
2024-07-08,Mouse,Accessories,2371.27,3,800
2024-07-08,Office Chair,Furniture,39599.73,4,9000
2024-07-08,Desk,Furniture,75913.29,7,12000
2024-07-08,Monitor,Electronics,45887.75,3,15000
2024-07-09,Laptop,Electronics,106569.38,2,55000
2024-07-09,Smartphone,Electronics,188881.31,6,30000
2024-07-09,Headphones,Accessories,2515.49,1,2500
2024-07-09,Keyboard,Accessories,2760.14,2,1500
2024-07-09,Mouse,Accessories,4139.91,5,800
2024-07-09,Office Chair,Furniture,49213.05,5,9000
2024-07-09,Desk,Furniture,13286.34,1,12000
2024-07-09,Monitor,Electronics,39874.84,3,15000
2024-07-10,Laptop,Electronics,213606.46,4,55000
2024-07-10,Smartphone,Electronics,86557.05,3,30000
2024-07-10,Headphones,Accessories,18725.23,7,2500
2024-07-10,Keyboard,Accessories,4296.11,3,1500
2024-07-10,Mouse,Accessories,5199.9,6,800
2024-07-10,Office Chair,Furniture,19476.24,2,9000
2024-07-10,Desk,Furniture,48687.61,4,12000
2024-07-10,Monitor,Electronics,109744.51,7,15000
2024-07-11,Laptop,Electronics,306153.67,5,55000
2024-07-11,Smartphone,Electronics,159589.59,6,30000
2024-07-11,Headphones,Accessories,7557.44,3,2500
2024-07-11,Keyboard,Accessories,7291.57,5,1500
2024-07-11,Mouse,Accessories,2232.31,3,800
2024-07-11,Office Chair,Furniture,26274.15,3,9000
2024-07-11,Desk,Furniture,23397.7,2,12000
2024-07-11,Monitor,Electronics,95534.21,6,15000
2024-07-12,Laptop,Electronics,383877.45,7,55000
2024-07-12,Smartphone,Electronics,65761.2,2,30000
2024-07-12,Headphones,Accessories,12111.19,5,2500
2024-07-12,Keyboard,Accessories,5732.11,4,1500
2024-07-12,Mouse,Accessories,5524.91,7,800
2024-07-12,Office Chair,Furniture,19411.38,2,9000
2024-07-12,Desk,Furniture,10814.02,1,12000
2024-07-12,Monitor,Electronics,49980.26,3,15000
2024-07-13,Laptop,Electronics,195233.51,4,55000
2024-07-13,Smartphone,Electronics,181788.81,6,30000
2024-07-13,Headphones,Accessories,12433.64,5,2500
2024-07-13,Keyboard,Accessories,7575.07,5,1500
2024-07-13,Mouse,Accessories,4508.44,6,800
2024-07-13,Office Chair,Furniture,70970.83,8,9000
2024-07-13,Desk,Furniture,25882.45,2,12000
2024-07-13,Monitor,Electronics,69503.23,5,15000
2024-07-14,Laptop,Electronics,55098.29,1,55000
2024-07-14,Smartphone,Electronics,226766.27,8,30000
2024-07-14,Headphones,Accessories,10793.65,4,2500
2024-07-14,Keyboard,Accessories,5780.08,4,1500
2024-07-14,Mouse,Accessories,3263.73,4,800
2024-07-14,Office Chair,Furniture,44395.67,5,9000
2024-07-14,Desk,Furniture,103298.08,8,12000
2024-07-14,Monitor,Electronics,58585.61,4,15000
2024-07-15,Laptop,Electronics,58096.43,1,55000
2024-07-15,Smartphone,Electronics,61777.05,2,30000
2024-07-15,Headphones,Accessories,2675.51,1,2500
2024-07-15,Keyboard,Accessories,4177.42,3,1500
2024-07-15,Mouse,Accessories,3662.06,5,800
2024-07-15,Office Chair,Furniture,44735.9,5,9000
2024-07-15,Desk,Furniture,52687.98,4,12000
2024-07-15,Monitor,Electronics,116693.53,7,15000
2024-07-16,Laptop,Electronics,281541.96,5,55000
2024-07-16,Smartphone,Electronics,181442.3,6,30000
2024-07-16,Headphones,Accessories,8891.16,4,2500
2024-07-16,Keyboard,Accessories,9627.5,6,1500
2024-07-16,Mouse,Accessories,2860.35,4,800
2024-07-16,Office Chair,Furniture,35713.0,4,9000
2024-07-16,Desk,Furniture,26557.68,2,12000
2024-07-16,Monitor,Electronics,16616.8,1,15000
2024-07-17,Laptop,Electronics,122698.07,2,55000
2024-07-17,Smartphone,Electronics,127333.09,4,30000
2024-07-17,Headphones,Accessories,15319.43,6,2500
2024-07-17,Keyboard,Accessories,2993.82,2,1500
2024-07-17,Mouse,Accessories,2229.06,3,800
2024-07-17,Office Chair,Furniture,61284.49,7,9000
2024-07-17,Desk,Furniture,39617.87,3,12000
2024-07-17,Monitor,Electronics,45834.61,3,15000
2024-07-18,Laptop,Electronics,180620.32,3,55000
2024-07-18,Smartphone,Electronics,88003.82,3,30000
2024-07-18,Headphones,Accessories,7683.81,3,2500
2024-07-18,Keyboard,Accessories,10685.29,7,1500
2024-07-18,Mouse,Accessories,3977.42,5,800
2024-07-18,Office Chair,Furniture,57092.07,7,9000
2024-07-18,Desk,Furniture,42276.49,4,12000
2024-07-18,Monitor,Electronics,16249.09,1,15000
2024-07-19,Laptop,Electronics,157551.2,3,55000
2024-07-19,Smartphone,Electronics,88883.69,3,30000
2024-07-19,Headphones,Accessories,13914.6,5,2500
2024-07-19,Keyboard,Accessories,8267.49,5,1500
2024-07-19,Mouse,Accessories,1591.11,2,800
2024-07-19,Office Chair,Furniture,39929.93,5,9000
2024-07-19,Desk,Furniture,37663.48,3,12000
2024-07-19,Monitor,Electronics,30954.32,2,15000
2024-07-20,Laptop,Electronics,265675.22,5,55000
2024-07-20,Smartphone,Electronics,57601.07,2,30000
2024-07-20,Headphones,Accessories,6979.27,3,2500
2024-07-20,Keyboard,Accessories,1605.62,1,1500
2024-07-20,Mouse,Accessories,2686.74,3,800
2024-07-20,Office Chair,Furniture,19418.99,2,9000
2024-07-20,Desk,Furniture,84533.4,8,12000
2024-07-20,Monitor,Electronics,47568.99,3,15000
2024-07-21,Laptop,Electronics,56754.36,1,55000
2024-07-21,Smartphone,Electronics,219428.18,8,30000
2024-07-21,Headphones,Accessories,13465.78,5,2500
2024-07-21,Keyboard,Accessories,1595.8,1,1500
2024-07-21,Mouse,Accessories,3353.63,4,800
2024-07-21,Office Chair,Furniture,64891.09,8,9000
2024-07-21,Desk,Furniture,12642.67,1,12000
2024-07-21,Monitor,Electronics,88002.93,6,15000
2024-07-22,Laptop,Electronics,292340.28,6,55000
2024-07-22,Smartphone,Electronics,86734.52,3,30000
2024-07-22,Headphones,Accessories,7737.76,3,2500
2024-07-22,Keyboard,Accessories,8305.84,5,1500
2024-07-22,Mouse,Accessories,1410.34,2,800
2024-07-22,Office Chair,Furniture,27146.3,3,9000
2024-07-22,Desk,Furniture,21562.73,2,12000
2024-07-22,Monitor,Electronics,113620.28,7,15000
2024-07-23,Laptop,Electronics,230934.17,4,55000
2024-07-23,Smartphone,Electronics,109781.66,4,30000
2024-07-23,Headphones,Accessories,4883.45,2,2500
2024-07-23,Keyboard,Accessories,9772.0,7,1500
2024-07-23,Mouse,Accessories,1515.91,2,800
2024-07-23,Office Chair,Furniture,69489.93,7,9000
2024-07-23,Desk,Furniture,67959.38,6,12000
2024-07-23,Monitor,Electronics,86144.31,6,15000
2024-07-24,Laptop,Electronics,297587.23,5,55000
2024-07-24,Smartphone,Electronics,31011.43,1,30000
2024-07-24,Headphones,Accessories,11101.01,5,2500
2024-07-24,Keyboard,Accessories,4346.44,3,1500
2024-07-24,Mouse,Accessories,849.85,1,800
2024-07-24,Office Chair,Furniture,68876.53,7,9000
2024-07-24,Desk,Furniture,91397.38,7,12000
2024-07-24,Monitor,Electronics,30618.23,2,15000
2024-07-25,Laptop,Electronics,296084.64,6,55000
2024-07-25,Smartphone,Electronics,56283.82,2,30000
2024-07-25,Headphones,Accessories,9363.17,4,2500
2024-07-25,Keyboard,Accessories,8047.13,5,1500
2024-07-25,Mouse,Accessories,4872.91,6,800
2024-07-25,Office Chair,Furniture,32914.45,4,9000
2024-07-25,Desk,Furniture,88448.41,7,12000
2024-07-25,Monitor,Electronics,59952.41,4,15000
2024-07-26,Laptop,Electronics,360253.78,6,55000
2024-07-26,Smartphone,Electronics,63192.79,2,30000
2024-07-26,Headphones,Accessories,2649.19,1,2500
2024-07-26,Keyboard,Accessories,9498.93,7,1500
2024-07-26,Mouse,Accessories,802.14,1,800
2024-07-26,Office Chair,Furniture,18928.97,2,9000
2024-07-26,Desk,Furniture,75576.55,6,12000
2024-07-26,Monitor,Electronics,107098.32,7,15000
2024-07-27,Laptop,Electronics,52892.89,1,55000
2024-07-27,Smartphone,Electronics,126938.04,4,30000
2024-07-27,Headphones,Accessories,13792.66,5,2500
2024-07-27,Keyboard,Accessories,1449.68,1,1500
2024-07-27,Mouse,Accessories,2437.43,3,800
2024-07-27,Office Chair,Furniture,17193.66,2,9000
2024-07-27,Desk,Furniture,52690.94,4,12000
2024-07-27,Monitor,Electronics,44285.23,3,15000
2024-07-28,Laptop,Electronics,53380.54,1,55000
2024-07-28,Smartphone,Electronics,125044.03,4,30000
2024-07-28,Headphones,Accessories,2612.21,1,2500
2024-07-28,Keyboard,Accessories,3046.53,2,1500
2024-07-28,Mouse,Accessories,3301.92,4,800
2024-07-28,Office Chair,Furniture,63435.4,8,9000
2024-07-28,Desk,Furniture,90337.49,8,12000
2024-07-28,Monitor,Electronics,46796.96,3,15000
2024-07-29,Laptop,Electronics,52075.4,1,55000
2024-07-29,Smartphone,Electronics,99736.69,3,30000
2024-07-29,Headphones,Accessories,19364.73,7,2500
2024-07-29,Keyboard,Accessories,1357.93,1,1500
2024-07-29,Mouse,Accessories,2477.38,3,800
2024-07-29,Office Chair,Furniture,40120.41,5,9000
2024-07-29,Desk,Furniture,59979.42,5,12000
2024-07-29,Monitor,Electronics,105010.11,7,15000
2024-07-30,Laptop,Electronics,54682.77,1,55000
2024-07-30,Smartphone,Electronics,61935.71,2,30000
2024-07-30,Headphones,Accessories,7265.66,3,2500
2024-07-30,Keyboard,Accessories,6516.9,4,1500
2024-07-30,Mouse,Accessories,3919.84,5,800
2024-07-30,Office Chair,Furniture,44090.61,5,9000
2024-07-30,Desk,Furniture,22341.09,2,12000
2024-07-30,Monitor,Electronics,16331.15,1,15000
2024-07-31,Laptop,Electronics,360108.41,6,55000
2024-07-31,Smartphone,Electronics,32132.93,1,30000
2024-07-31,Headphones,Accessories,17952.56,7,2500
2024-07-31,Keyboard,Accessories,2924.21,2,1500
2024-07-31,Mouse,Accessories,5096.97,7,800
2024-07-31,Office Chair,Furniture,25805.27,3,9000
2024-07-31,Desk,Furniture,42841.33,4,12000
2024-07-31,Monitor,Electronics,63070.18,4,15000
2024-08-01,Laptop,Electronics,336270.68,6,55000
2024-08-01,Smartphone,Electronics,142346.75,5,30000
2024-08-01,Headphones,Accessories,7800.36,3,2500
2024-08-01,Keyboard,Accessories,1360.14,1,1500
2024-08-01,Mouse,Accessories,1616.82,2,800
2024-08-01,Office Chair,Furniture,68072.46,7,9000
2024-08-01,Desk,Furniture,67539.84,6,12000
2024-08-01,Monitor,Electronics,86486.66,6,15000
2024-08-02,Laptop,Electronics,346583.13,6,55000
2024-08-02,Smartphone,Electronics,176269.36,6,30000
2024-08-02,Headphones,Accessories,2641.72,1,2500
2024-08-02,Keyboard,Accessories,9066.83,6,1500
2024-08-02,Mouse,Accessories,4531.21,6,800
2024-08-02,Office Chair,Furniture,44612.23,5,9000
2024-08-02,Desk,Furniture,42719.89,4,12000
2024-08-02,Monitor,Electronics,31278.3,2,15000
2024-08-03,Laptop,Electronics,217619.72,4,55000
2024-08-03,Smartphone,Electronics,223860.79,8,30000
2024-08-03,Headphones,Accessories,11142.43,4,2500
2024-08-03,Keyboard,Accessories,4581.38,3,1500
2024-08-03,Mouse,Accessories,1703.74,2,800
2024-08-03,Office Chair,Furniture,52285.83,6,9000
2024-08-03,Desk,Furniture,56624.39,5,12000
2024-08-03,Monitor,Electronics,72152.47,5,15000
2024-08-04,Laptop,Electronics,441896.63,8,55000
2024-08-04,Smartphone,Electronics,124085.57,4,30000
2024-08-04,Headphones,Accessories,8803.25,4,2500
2024-08-04,Keyboard,Accessories,4676.05,3,1500
2024-08-04,Mouse,Accessories,4455.23,5,800
2024-08-04,Office Chair,Furniture,75034.02,8,9000
2024-08-04,Desk,Furniture,38849.15,3,12000
2024-08-04,Monitor,Electronics,128074.83,8,15000
2024-08-05,Laptop,Electronics,268268.35,5,55000
2024-08-05,Smartphone,Electronics,131504.31,4,30000
2024-08-05,Headphones,Accessories,11684.71,5,2500
2024-08-05,Keyboard,Accessories,3074.37,2,1500
2024-08-05,Mouse,Accessories,4237.55,5,800
2024-08-05,Office Chair,Furniture,65595.23,7,9000
2024-08-05,Desk,Furniture,53273.74,4,12000
2024-08-05,Monitor,Electronics,14060.97,1,15000
2024-08-06,Laptop,Electronics,222348.67,4,55000
2024-08-06,Smartphone,Electronics,213089.19,7,30000
2024-08-06,Headphones,Accessories,14516.45,6,2500
2024-08-06,Keyboard,Accessories,4743.68,3,1500
2024-08-06,Mouse,Accessories,5117.24,7,800
2024-08-06,Office Chair,Furniture,19499.88,2,9000
2024-08-06,Desk,Furniture,36676.5,3,12000
2024-08-06,Monitor,Electronics,50201.86,3,15000
2024-08-07,Laptop,Electronics,214095.15,4,55000
2024-08-07,Smartphone,Electronics,124113.18,4,30000
2024-08-07,Headphones,Accessories,2407.12,1,2500
2024-08-07,Keyboard,Accessories,5765.77,4,1500
2024-08-07,Mouse,Accessories,4765.43,6,800
2024-08-07,Office Chair,Furniture,56356.71,7,9000
2024-08-07,Desk,Furniture,64434.87,6,12000
2024-08-07,Monitor,Electronics,16550.18,1,15000
2024-08-08,Laptop,Electronics,226912.67,4,55000
2024-08-08,Smartphone,Electronics,80162.58,3,30000
2024-08-08,Headphones,Accessories,2774.76,1,2500
2024-08-08,Keyboard,Accessories,4781.98,3,1500
2024-08-08,Mouse,Accessories,4431.11,5,800
2024-08-08,Office Chair,Furniture,48508.06,6,9000
2024-08-08,Desk,Furniture,79407.25,6,12000
2024-08-08,Monitor,Electronics,89128.76,6,15000
2024-08-09,Laptop,Electronics,101560.13,2,55000
2024-08-09,Smartphone,Electronics,187012.56,7,30000
2024-08-09,Headphones,Accessories,16310.26,6,2500
2024-08-09,Keyboard,Accessories,6572.65,4,1500
2024-08-09,Mouse,Accessories,3463.92,4,800
2024-08-09,Office Chair,Furniture,28899.57,3,9000
2024-08-09,Desk,Furniture,35065.66,3,12000
2024-08-09,Monitor,Electronics,66633.03,4,15000
2024-08-10,Laptop,Electronics,243835.49,4,55000
2024-08-10,Smartphone,Electronics,100392.7,3,30000
2024-08-10,Headphones,Accessories,2331.47,1,2500
2024-08-10,Keyboard,Accessories,7386.59,5,1500
2024-08-10,Mouse,Accessories,2213.43,3,800
2024-08-10,Office Chair,Furniture,55585.57,6,9000
2024-08-10,Desk,Furniture,21201.73,2,12000
2024-08-10,Monitor,Electronics,64213.37,4,15000
2024-08-11,Laptop,Electronics,159259.63,3,55000
2024-08-11,Smartphone,Electronics,33312.98,1,30000
2024-08-11,Headphones,Accessories,13858.69,5,2500
2024-08-11,Keyboard,Accessories,3185.26,2,1500
2024-08-11,Mouse,Accessories,4340.05,5,800
2024-08-11,Office Chair,Furniture,56829.57,6,9000
2024-08-11,Desk,Furniture,89826.2,8,12000
2024-08-11,Monitor,Electronics,46799.29,3,15000
2024-08-12,Laptop,Electronics,183222.64,3,55000
2024-08-12,Smartphone,Electronics,63911.43,2,30000
2024-08-12,Headphones,Accessories,15371.03,6,2500
2024-08-12,Keyboard,Accessories,6616.27,5,1500
2024-08-12,Mouse,Accessories,3881.91,5,800
2024-08-12,Office Chair,Furniture,33655.77,4,9000
2024-08-12,Desk,Furniture,32077.93,3,12000
2024-08-12,Monitor,Electronics,28716.02,2,15000
2024-08-13,Laptop,Electronics,110387.65,2,55000
2024-08-13,Smartphone,Electronics,84682.54,3,30000
2024-08-13,Headphones,Accessories,6652.51,3,2500
2024-08-13,Keyboard,Accessories,4926.21,3,1500
2024-08-13,Mouse,Accessories,3633.76,5,800
2024-08-13,Office Chair,Furniture,8252.22,1,9000
2024-08-13,Desk,Furniture,92457.75,7,12000
2024-08-13,Monitor,Electronics,44942.49,3,15000
2024-08-14,Laptop,Electronics,58445.3,1,55000
2024-08-14,Smartphone,Electronics,30975.19,1,30000
2024-08-14,Headphones,Accessories,10610.24,4,2500
2024-08-14,Keyboard,Accessories,4022.32,3,1500
2024-08-14,Mouse,Accessories,5703.65,7,800
2024-08-14,Office Chair,Furniture,55581.63,6,9000
2024-08-14,Desk,Furniture,56414.42,5,12000
2024-08-14,Monitor,Electronics,61063.31,4,15000
2024-08-15,Laptop,Electronics,114135.06,2,55000
2024-08-15,Smartphone,Electronics,65792.2,2,30000
2024-08-15,Headphones,Accessories,5501.89,2,2500
2024-08-15,Keyboard,Accessories,5319.63,4,1500
2024-08-15,Mouse,Accessories,2239.21,3,800
2024-08-15,Office Chair,Furniture,8413.98,1,9000
2024-08-15,Desk,Furniture,11064.64,1,12000
2024-08-15,Monitor,Electronics,31292.76,2,15000
2024-08-16,Laptop,Electronics,60946.06,1,55000
2024-08-16,Smartphone,Electronics,157889.76,5,30000
2024-08-16,Headphones,Accessories,7369.5,3,2500
2024-08-16,Keyboard,Accessories,6372.64,4,1500
2024-08-16,Mouse,Accessories,2194.84,3,800
2024-08-16,Office Chair,Furniture,68958.71,7,9000
2024-08-16,Desk,Furniture,90972.33,7,12000
2024-08-16,Monitor,Electronics,73550.06,5,15000
2024-08-17,Laptop,Electronics,237062.89,4,55000
2024-08-17,Smartphone,Electronics,119929.15,4,30000
2024-08-17,Headphones,Accessories,9290.71,4,2500
2024-08-17,Keyboard,Accessories,1426.45,1,1500
2024-08-17,Mouse,Accessories,5682.4,8,800
2024-08-17,Office Chair,Furniture,48442.21,6,9000
2024-08-17,Desk,Furniture,45641.19,4,12000
2024-08-17,Monitor,Electronics,45074.74,3,15000
2024-08-18,Laptop,Electronics,148964.1,3,55000
2024-08-18,Smartphone,Electronics,97253.84,3,30000
2024-08-18,Headphones,Accessories,13180.25,5,2500
2024-08-18,Keyboard,Accessories,7988.02,5,1500
2024-08-18,Mouse,Accessories,1724.72,2,800
2024-08-18,Office Chair,Furniture,19623.81,2,9000
2024-08-18,Desk,Furniture,85526.09,8,12000
2024-08-18,Monitor,Electronics,58923.29,4,15000
2024-08-19,Laptop,Electronics,267860.38,5,55000
2024-08-19,Smartphone,Electronics,159559.68,5,30000
2024-08-19,Headphones,Accessories,2554.26,1,2500
2024-08-19,Keyboard,Accessories,6032.41,4,1500
2024-08-19,Mouse,Accessories,4214.2,5,800
2024-08-19,Office Chair,Furniture,58518.11,7,9000
2024-08-19,Desk,Furniture,57176.77,5,12000
2024-08-19,Monitor,Electronics,49133.53,3,15000
2024-08-20,Laptop,Electronics,348164.11,6,55000
2024-08-20,Smartphone,Electronics,114530.43,4,30000
2024-08-20,Headphones,Accessories,7793.48,3,2500
2024-08-20,Keyboard,Accessories,10288.18,7,1500
2024-08-20,Mouse,Accessories,3925.72,5,800
2024-08-20,Office Chair,Furniture,19710.9,2,9000
2024-08-20,Desk,Furniture,63061.75,5,12000
2024-08-20,Monitor,Electronics,42531.54,3,15000
2024-08-21,Laptop,Electronics,53296.42,1,55000
2024-08-21,Smartphone,Electronics,100790.15,3,30000
2024-08-21,Headphones,Accessories,11163.66,4,2500
2024-08-21,Keyboard,Accessories,8769.3,6,1500
2024-08-21,Mouse,Accessories,3663.62,5,800
2024-08-21,Office Chair,Furniture,26445.76,3,9000
2024-08-21,Desk,Furniture,25205.69,2,12000
2024-08-21,Monitor,Electronics,42505.41,3,15000
2024-08-22,Laptop,Electronics,336634.8,6,55000
2024-08-22,Smartphone,Electronics,92774.18,3,30000
2024-08-22,Headphones,Accessories,14155.17,6,2500
2024-08-22,Keyboard,Accessories,6646.86,4,1500
2024-08-22,Mouse,Accessories,5888.19,7,800
2024-08-22,Office Chair,Furniture,45648.99,5,9000
2024-08-22,Desk,Furniture,12039.9,1,12000
2024-08-22,Monitor,Electronics,13819.52,1,15000
2024-08-23,Laptop,Electronics,60714.61,1,55000
2024-08-23,Smartphone,Electronics,62839.82,2,30000
2024-08-23,Headphones,Accessories,17339.21,7,2500
2024-08-23,Keyboard,Accessories,1363.93,1,1500
2024-08-23,Mouse,Accessories,1687.93,2,800
2024-08-23,Office Chair,Furniture,51986.07,6,9000
2024-08-23,Desk,Furniture,25768.73,2,12000
2024-08-23,Monitor,Electronics,68559.07,5,15000
2024-08-24,Laptop,Electronics,316980.35,6,55000
2024-08-24,Smartphone,Electronics,110131.0,4,30000
2024-08-24,Headphones,Accessories,2620.7,1,2500
2024-08-24,Keyboard,Accessories,6246.32,4,1500
2024-08-24,Mouse,Accessories,4429.21,5,800
2024-08-24,Office Chair,Furniture,8593.89,1,9000
2024-08-24,Desk,Furniture,22059.08,2,12000
2024-08-24,Monitor,Electronics,58334.71,4,15000
2024-08-25,Laptop,Electronics,176173.98,3,55000
2024-08-25,Smartphone,Electronics,79446.63,3,30000
2024-08-25,Headphones,Accessories,5139.09,2,2500
2024-08-25,Keyboard,Accessories,2955.12,2,1500
2024-08-25,Mouse,Accessories,3245.3,4,800
2024-08-25,Office Chair,Furniture,48424.98,5,9000
2024-08-25,Desk,Furniture,12098.76,1,12000
2024-08-25,Monitor,Electronics,44239.64,3,15000
2024-08-26,Laptop,Electronics,289417.96,5,55000
2024-08-26,Smartphone,Electronics,163518.87,6,30000
2024-08-26,Headphones,Accessories,15189.75,6,2500
2024-08-26,Keyboard,Accessories,5606.49,4,1500
2024-08-26,Mouse,Accessories,2610.41,3,800
2024-08-26,Office Chair,Furniture,37530.6,4,9000
2024-08-26,Desk,Furniture,45581.32,4,12000
2024-08-26,Monitor,Electronics,93730.38,6,15000
2024-08-27,Laptop,Electronics,246678.84,5,55000
2024-08-27,Smartphone,Electronics,185394.56,6,30000
2024-08-27,Headphones,Accessories,8131.22,3,2500
2024-08-27,Keyboard,Accessories,11523.34,7,1500
2024-08-27,Mouse,Accessories,1503.04,2,800
2024-08-27,Office Chair,Furniture,33294.94,4,9000
2024-08-27,Desk,Furniture,45553.53,4,12000
2024-08-27,Monitor,Electronics,41667.42,3,15000
2024-08-28,Laptop,Electronics,226404.24,4,55000
2024-08-28,Smartphone,Electronics,29499.89,1,30000
2024-08-28,Headphones,Accessories,9770.87,4,2500
2024-08-28,Keyboard,Accessories,8453.8,6,1500
2024-08-28,Mouse,Accessories,758.87,1,800
2024-08-28,Office Chair,Furniture,9400.56,1,9000
2024-08-28,Desk,Furniture,53838.4,5,12000
2024-08-28,Monitor,Electronics,87276.69,6,15000
2024-08-29,Laptop,Electronics,245452.22,4,55000
2024-08-29,Smartphone,Electronics,124938.6,4,30000
2024-08-29,Headphones,Accessories,15888.0,7,2500
2024-08-29,Keyboard,Accessories,10294.2,7,1500
2024-08-29,Mouse,Accessories,4916.47,6,800
2024-08-29,Office Chair,Furniture,34080.65,4,9000
2024-08-29,Desk,Furniture,26541.73,2,12000
2024-08-29,Monitor,Electronics,16729.33,1,15000
2024-08-30,Laptop,Electronics,108683.08,2,55000
2024-08-30,Smartphone,Electronics,55382.85,2,30000
2024-08-30,Headphones,Accessories,15172.02,6,2500
2024-08-30,Keyboard,Accessories,5861.19,4,1500
2024-08-30,Mouse,Accessories,3702.22,5,800
2024-08-30,Office Chair,Furniture,35332.38,4,9000
2024-08-30,Desk,Furniture,36170.24,3,12000
2024-08-30,Monitor,Electronics,99059.76,7,15000
2024-08-31,Laptop,Electronics,110443.25,2,55000
2024-08-31,Smartphone,Electronics,85000.33,3,30000
2024-08-31,Headphones,Accessories,10119.06,4,2500
2024-08-31,Keyboard,Accessories,10012.04,6,1500
2024-08-31,Mouse,Accessories,2454.93,3,800
2024-08-31,Office Chair,Furniture,24249.78,3,9000
2024-08-31,Desk,Furniture,64540.81,6,12000
2024-08-31,Monitor,Electronics,13531.44,1,15000
2024-09-01,Laptop,Electronics,217783.57,4,55000
2024-09-01,Smartphone,Electronics,93207.7,3,30000
2024-09-01,Headphones,Accessories,15509.87,6,2500
2024-09-01,Keyboard,Accessories,10004.43,6,1500
2024-09-01,Mouse,Accessories,6497.78,8,800
2024-09-01,Office Chair,Furniture,9446.32,1,9000
2024-09-01,Desk,Furniture,68767.04,6,12000
2024-09-01,Monitor,Electronics,56393.15,4,15000
2024-09-02,Laptop,Electronics,119664.92,2,55000
2024-09-02,Smartphone,Electronics,27242.88,1,30000
2024-09-02,Headphones,Accessories,2292.9,1,2500
2024-09-02,Keyboard,Accessories,9776.97,7,1500
2024-09-02,Mouse,Accessories,2620.6,3,800
2024-09-02,Office Chair,Furniture,28764.51,3,9000
2024-09-02,Desk,Furniture,50317.13,4,12000
2024-09-02,Monitor,Electronics,13381.76,1,15000
2024-09-03,Laptop,Electronics,48603.21,1,55000
2024-09-03,Smartphone,Electronics,132564.49,4,30000
2024-09-03,Headphones,Accessories,2470.15,1,2500
2024-09-03,Keyboard,Accessories,1399.37,1,1500
2024-09-03,Mouse,Accessories,865.24,1,800
2024-09-03,Office Chair,Furniture,19034.24,2,9000
2024-09-03,Desk,Furniture,80242.68,6,12000
2024-09-03,Monitor,Electronics,14992.95,1,15000
2024-09-04,Laptop,Electronics,162369.88,3,55000
2024-09-04,Smartphone,Electronics,98425.23,3,30000
2024-09-04,Headphones,Accessories,13743.65,5,2500
2024-09-04,Keyboard,Accessories,6520.3,4,1500
2024-09-04,Mouse,Accessories,3149.62,4,800
2024-09-04,Office Chair,Furniture,8866.91,1,9000
2024-09-04,Desk,Furniture,36772.88,3,12000
2024-09-04,Monitor,Electronics,15168.75,1,15000
2024-09-05,Laptop,Electronics,51594.69,1,55000
2024-09-05,Smartphone,Electronics,111475.91,4,30000
2024-09-05,Headphones,Accessories,16236.94,7,2500
2024-09-05,Keyboard,Accessories,9366.05,7,1500
2024-09-05,Mouse,Accessories,2826.56,4,800
2024-09-05,Office Chair,Furniture,60822.28,7,9000
2024-09-05,Desk,Furniture,68039.53,6,12000
2024-09-05,Monitor,Electronics,26850.19,2,15000
2024-09-06,Laptop,Electronics,270034.92,5,55000
2024-09-06,Smartphone,Electronics,184610.81,6,30000
2024-09-06,Headphones,Accessories,7670.65,3,2500
2024-09-06,Keyboard,Accessories,9975.22,6,1500
2024-09-06,Mouse,Accessories,1747.83,2,800
2024-09-06,Office Chair,Furniture,67883.52,7,9000
2024-09-06,Desk,Furniture,34127.75,3,12000
2024-09-06,Monitor,Electronics,87784.88,6,15000
2024-09-07,Laptop,Electronics,349236.21,6,55000
2024-09-07,Smartphone,Electronics,90463.3,3,30000
2024-09-07,Headphones,Accessories,7987.34,3,2500
2024-09-07,Keyboard,Accessories,1651.48,1,1500
2024-09-07,Mouse,Accessories,5145.28,6,800
2024-09-07,Office Chair,Furniture,68005.79,8,9000
2024-09-07,Desk,Furniture,52783.76,4,12000
2024-09-07,Monitor,Electronics,77996.33,5,15000
2024-09-08,Laptop,Electronics,163192.08,3,55000
2024-09-08,Smartphone,Electronics,163454.03,5,30000
2024-09-08,Headphones,Accessories,7869.83,3,2500
2024-09-08,Keyboard,Accessories,2999.59,2,1500
2024-09-08,Mouse,Accessories,1657.34,2,800
2024-09-08,Office Chair,Furniture,48067.06,5,9000
2024-09-08,Desk,Furniture,25870.52,2,12000
2024-09-08,Monitor,Electronics,96158.11,6,15000
2024-09-09,Laptop,Electronics,97378.51,2,55000
2024-09-09,Smartphone,Electronics,122598.7,4,30000
2024-09-09,Headphones,Accessories,15635.94,7,2500
2024-09-09,Keyboard,Accessories,7981.15,6,1500
2024-09-09,Mouse,Accessories,2896.94,4,800
2024-09-09,Office Chair,Furniture,66219.96,7,9000
2024-09-09,Desk,Furniture,74681.4,6,12000
2024-09-09,Monitor,Electronics,16526.5,1,15000
2024-09-10,Laptop,Electronics,252590.53,5,55000
2024-09-10,Smartphone,Electronics,160314.81,5,30000
2024-09-10,Headphones,Accessories,10394.13,4,2500
2024-09-10,Keyboard,Accessories,11055.83,7,1500
2024-09-10,Mouse,Accessories,5848.82,7,800
2024-09-10,Office Chair,Furniture,28981.87,3,9000
2024-09-10,Desk,Furniture,11452.24,1,12000
2024-09-10,Monitor,Electronics,59183.61,4,15000
2024-09-11,Laptop,Electronics,110938.62,2,55000
2024-09-11,Smartphone,Electronics,158731.11,5,30000
2024-09-11,Headphones,Accessories,5394.27,2,2500
2024-09-11,Keyboard,Accessories,1618.12,1,1500
2024-09-11,Mouse,Accessories,5276.68,6,800
2024-09-11,Office Chair,Furniture,43128.82,5,9000
2024-09-11,Desk,Furniture,23271.48,2,12000
2024-09-11,Monitor,Electronics,33176.07,2,15000
2024-09-12,Laptop,Electronics,52605.64,1,55000
2024-09-12,Smartphone,Electronics,146138.31,5,30000
2024-09-12,Headphones,Accessories,8091.97,3,2500
2024-09-12,Keyboard,Accessories,9728.53,7,1500
2024-09-12,Mouse,Accessories,5139.25,6,800
2024-09-12,Office Chair,Furniture,68109.17,7,9000
2024-09-12,Desk,Furniture,83230.76,7,12000
2024-09-12,Monitor,Electronics,88686.95,6,15000
2024-09-13,Laptop,Electronics,313838.68,6,55000
2024-09-13,Smartphone,Electronics,218751.73,7,30000
2024-09-13,Headphones,Accessories,13165.79,5,2500
2024-09-13,Keyboard,Accessories,5610.62,4,1500
2024-09-13,Mouse,Accessories,5505.39,7,800
2024-09-13,Office Chair,Furniture,55470.12,7,9000
2024-09-13,Desk,Furniture,24183.68,2,12000
2024-09-13,Monitor,Electronics,60215.04,4,15000
2024-09-14,Laptop,Electronics,333276.47,6,55000
2024-09-14,Smartphone,Electronics,159226.37,6,30000
2024-09-14,Headphones,Accessories,7918.34,3,2500
2024-09-14,Keyboard,Accessories,4220.86,3,1500
2024-09-14,Mouse,Accessories,1651.7,2,800
2024-09-14,Office Chair,Furniture,25200.9,3,9000
2024-09-14,Desk,Furniture,11170.26,1,12000
2024-09-14,Monitor,Electronics,42249.8,3,15000
2024-09-15,Laptop,Electronics,412937.83,8,55000
2024-09-15,Smartphone,Electronics,224690.11,8,30000
2024-09-15,Headphones,Accessories,21197.07,8,2500
2024-09-15,Keyboard,Accessories,4561.43,3,1500
2024-09-15,Mouse,Accessories,6789.94,8,800
2024-09-15,Office Chair,Furniture,9088.35,1,9000
2024-09-15,Desk,Furniture,23492.34,2,12000
2024-09-15,Monitor,Electronics,27636.2,2,15000
2024-09-16,Laptop,Electronics,105447.38,2,55000
2024-09-16,Smartphone,Electronics,163338.97,5,30000
2024-09-16,Headphones,Accessories,4426.57,2,2500
2024-09-16,Keyboard,Accessories,9530.79,7,1500
2024-09-16,Mouse,Accessories,799.18,1,800
2024-09-16,Office Chair,Furniture,43241.83,5,9000
2024-09-16,Desk,Furniture,24070.76,2,12000
2024-09-16,Monitor,Electronics,73053.47,5,15000
2024-09-17,Laptop,Electronics,57361.45,1,55000
2024-09-17,Smartphone,Electronics,60112.39,2,30000
2024-09-17,Headphones,Accessories,13329.47,5,2500
2024-09-17,Keyboard,Accessories,9632.36,6,1500
2024-09-17,Mouse,Accessories,833.26,1,800
2024-09-17,Office Chair,Furniture,27393.2,3,9000
2024-09-17,Desk,Furniture,55995.37,5,12000
2024-09-17,Monitor,Electronics,28223.56,2,15000
2024-09-18,Laptop,Electronics,58053.38,1,55000
2024-09-18,Smartphone,Electronics,30256.73,1,30000
2024-09-18,Headphones,Accessories,2479.03,1,2500
2024-09-18,Keyboard,Accessories,9741.58,6,1500
2024-09-18,Mouse,Accessories,2185.37,3,800
2024-09-18,Office Chair,Furniture,57778.59,6,9000
2024-09-18,Desk,Furniture,72182.51,6,12000
2024-09-18,Monitor,Electronics,48833.72,3,15000
2024-09-19,Laptop,Electronics,273966.73,5,55000
2024-09-19,Smartphone,Electronics,80835.11,3,30000
2024-09-19,Headphones,Accessories,15531.99,6,2500
2024-09-19,Keyboard,Accessories,3289.28,2,1500
2024-09-19,Mouse,Accessories,1433.72,2,800
2024-09-19,Office Chair,Furniture,53731.21,6,9000
2024-09-19,Desk,Furniture,84841.9,7,12000
2024-09-19,Monitor,Electronics,65010.16,4,15000
2024-09-20,Laptop,Electronics,227831.19,4,55000
2024-09-20,Smartphone,Electronics,148217.23,5,30000
2024-09-20,Headphones,Accessories,13411.44,5,2500
2024-09-20,Keyboard,Accessories,9823.5,7,1500
2024-09-20,Mouse,Accessories,4056.7,5,800
2024-09-20,Office Chair,Furniture,44420.98,5,9000
2024-09-20,Desk,Furniture,34708.5,3,12000
2024-09-20,Monitor,Electronics,47231.65,3,15000
2024-09-21,Laptop,Electronics,218111.79,4,55000
2024-09-21,Smartphone,Electronics,106905.2,4,30000
2024-09-21,Headphones,Accessories,21002.08,8,2500
2024-09-21,Keyboard,Accessories,4369.56,3,1500
2024-09-21,Mouse,Accessories,1662.09,2,800
2024-09-21,Office Chair,Furniture,8726.2,1,9000
2024-09-21,Desk,Furniture,103015.56,8,12000
2024-09-21,Monitor,Electronics,67866.21,5,15000
2024-09-22,Laptop,Electronics,56069.4,1,55000
2024-09-22,Smartphone,Electronics,30602.74,1,30000
2024-09-22,Headphones,Accessories,12563.22,5,2500
2024-09-22,Keyboard,Accessories,9654.48,6,1500
2024-09-22,Mouse,Accessories,1699.26,2,800
2024-09-22,Office Chair,Furniture,28109.1,3,9000
2024-09-22,Desk,Furniture,50790.76,4,12000
2024-09-22,Monitor,Electronics,124679.54,8,15000
2024-09-23,Laptop,Electronics,421073.84,7,55000
2024-09-23,Smartphone,Electronics,137712.44,5,30000
2024-09-23,Headphones,Accessories,17942.73,7,2500
2024-09-23,Keyboard,Accessories,7777.44,5,1500
2024-09-23,Mouse,Accessories,3470.79,4,800
2024-09-23,Office Chair,Furniture,46429.83,5,9000
2024-09-23,Desk,Furniture,22887.77,2,12000
2024-09-23,Monitor,Electronics,78895.15,5,15000
2024-09-24,Laptop,Electronics,320987.99,6,55000
2024-09-24,Smartphone,Electronics,83204.05,3,30000
2024-09-24,Headphones,Accessories,11644.74,5,2500
2024-09-24,Keyboard,Accessories,9796.26,6,1500
2024-09-24,Mouse,Accessories,1602.71,2,800
2024-09-24,Office Chair,Furniture,63875.86,7,9000
2024-09-24,Desk,Furniture,25129.86,2,12000
2024-09-24,Monitor,Electronics,59191.57,4,15000
2024-09-25,Laptop,Electronics,399738.8,7,55000
2024-09-25,Smartphone,Electronics,28358.01,1,30000
2024-09-25,Headphones,Accessories,15119.71,6,2500
2024-09-25,Keyboard,Accessories,4974.19,3,1500
2024-09-25,Mouse,Accessories,4483.25,6,800
2024-09-25,Office Chair,Furniture,51012.87,6,9000
2024-09-25,Desk,Furniture,47575.08,4,12000
2024-09-25,Monitor,Electronics,83924.26,6,15000
2024-09-26,Laptop,Electronics,237094.92,4,55000
2024-09-26,Smartphone,Electronics,62332.35,2,30000
2024-09-26,Headphones,Accessories,18850.92,7,2500
2024-09-26,Keyboard,Accessories,11717.93,7,1500
2024-09-26,Mouse,Accessories,3410.17,4,800
2024-09-26,Office Chair,Furniture,34862.52,4,9000
2024-09-26,Desk,Furniture,44742.5,4,12000
2024-09-26,Monitor,Electronics,70672.38,5,15000
2024-09-27,Laptop,Electronics,323287.09,6,55000
2024-09-27,Smartphone,Electronics,97005.46,3,30000
2024-09-27,Headphones,Accessories,8893.55,4,2500
2024-09-27,Keyboard,Accessories,3204.32,2,1500
2024-09-27,Mouse,Accessories,876.4,1,800
2024-09-27,Office Chair,Furniture,27092.02,3,9000
2024-09-27,Desk,Furniture,92083.37,7,12000
2024-09-27,Monitor,Electronics,80857.48,5,15000
2024-09-28,Laptop,Electronics,116547.33,2,55000
2024-09-28,Smartphone,Electronics,30552.26,1,30000
2024-09-28,Headphones,Accessories,13541.7,6,2500
2024-09-28,Keyboard,Accessories,6580.45,4,1500
2024-09-28,Mouse,Accessories,4238.26,5,800
2024-09-28,Office Chair,Furniture,48866.65,5,9000
2024-09-28,Desk,Furniture,59507.89,5,12000
2024-09-28,Monitor,Electronics,106762.1,8,15000
2024-09-29,Laptop,Electronics,262994.89,5,55000
2024-09-29,Smartphone,Electronics,79684.4,3,30000
2024-09-29,Headphones,Accessories,8128.52,3,2500
2024-09-29,Keyboard,Accessories,9142.95,6,1500
2024-09-29,Mouse,Accessories,5755.22,8,800
2024-09-29,Office Chair,Furniture,42105.8,5,9000
2024-09-29,Desk,Furniture,63656.35,6,12000
2024-09-29,Monitor,Electronics,31484.34,2,15000
2024-09-30,Laptop,Electronics,195655.93,4,55000
2024-09-30,Smartphone,Electronics,210586.44,7,30000
2024-09-30,Headphones,Accessories,5076.07,2,2500
2024-09-30,Keyboard,Accessories,8155.98,5,1500
2024-09-30,Mouse,Accessories,1557.99,2,800
2024-09-30,Office Chair,Furniture,40239.47,4,9000
2024-09-30,Desk,Furniture,88697.35,7,12000
2024-09-30,Monitor,Electronics,31493.26,2,15000
2024-10-01,Laptop,Electronics,168122.07,3,55000
2024-10-01,Smartphone,Electronics,97957.67,3,30000
2024-10-01,Headphones,Accessories,8272.45,3,2500
2024-10-01,Keyboard,Accessories,12341.36,8,1500
2024-10-01,Mouse,Accessories,5957.07,8,800
2024-10-01,Office Chair,Furniture,26631.02,3,9000
2024-10-01,Desk,Furniture,24861.17,2,12000
2024-10-01,Monitor,Electronics,14860.2,1,15000
2024-10-02,Laptop,Electronics,393607.82,7,55000
2024-10-02,Smartphone,Electronics,99702.73,3,30000
2024-10-02,Headphones,Accessories,15629.23,6,2500
2024-10-02,Keyboard,Accessories,13047.29,8,1500
2024-10-02,Mouse,Accessories,7052.87,8,800
2024-10-02,Office Chair,Furniture,45003.88,5,9000
2024-10-02,Desk,Furniture,12415.46,1,12000
2024-10-02,Monitor,Electronics,15535.1,1,15000
2024-10-03,Laptop,Electronics,111443.76,2,55000
2024-10-03,Smartphone,Electronics,30978.77,1,30000
2024-10-03,Headphones,Accessories,12241.48,5,2500
2024-10-03,Keyboard,Accessories,6676.22,5,1500
2024-10-03,Mouse,Accessories,1664.42,2,800
2024-10-03,Office Chair,Furniture,59815.73,6,9000
2024-10-03,Desk,Furniture,21230.27,2,12000
2024-10-03,Monitor,Electronics,15394.91,1,15000
2024-10-04,Laptop,Electronics,163161.73,3,55000
2024-10-04,Smartphone,Electronics,219359.31,7,30000
2024-10-04,Headphones,Accessories,17650.93,7,2500
2024-10-04,Keyboard,Accessories,2929.36,2,1500
2024-10-04,Mouse,Accessories,4897.34,6,800
2024-10-04,Office Chair,Furniture,8518.35,1,9000
2024-10-04,Desk,Furniture,53931.23,5,12000
2024-10-04,Monitor,Electronics,46002.67,3,15000
2024-10-05,Laptop,Electronics,196345.04,4,55000
2024-10-05,Smartphone,Electronics,206136.09,7,30000
2024-10-05,Headphones,Accessories,21995.23,8,2500
2024-10-05,Keyboard,Accessories,8185.75,5,1500
2024-10-05,Mouse,Accessories,6644.29,8,800
2024-10-05,Office Chair,Furniture,90034.04,10,9000
2024-10-05,Desk,Furniture,52447.8,4,12000
2024-10-05,Monitor,Electronics,63418.94,4,15000
2024-10-06,Laptop,Electronics,500529.11,10,55000
2024-10-06,Smartphone,Electronics,106464.75,4,30000
2024-10-06,Headphones,Accessories,5229.45,2,2500
2024-10-06,Keyboard,Accessories,16704.18,10,1500
2024-10-06,Mouse,Accessories,8666.98,10,800
2024-10-06,Office Chair,Furniture,65570.75,8,9000
2024-10-06,Desk,Furniture,53765.04,5,12000
2024-10-06,Monitor,Electronics,146254.62,10,15000
2024-10-07,Laptop,Electronics,59653.63,1,55000
2024-10-07,Smartphone,Electronics,200224.99,7,30000
2024-10-07,Headphones,Accessories,17019.51,7,2500
2024-10-07,Keyboard,Accessories,2939.68,2,1500
2024-10-07,Mouse,Accessories,1496.08,2,800
2024-10-07,Office Chair,Furniture,40196.4,5,9000
2024-10-07,Desk,Furniture,21550.97,2,12000
2024-10-07,Monitor,Electronics,109841.54,8,15000
2024-10-08,Laptop,Electronics,184218.03,3,55000
2024-10-08,Smartphone,Electronics,33367.88,1,30000
2024-10-08,Headphones,Accessories,11835.11,5,2500
2024-10-08,Keyboard,Accessories,4312.35,3,1500
2024-10-08,Mouse,Accessories,4491.85,6,800
2024-10-08,Office Chair,Furniture,48527.48,5,9000
2024-10-08,Desk,Furniture,57916.6,5,12000
2024-10-08,Monitor,Electronics,85733.55,6,15000
2024-10-09,Laptop,Electronics,255893.46,5,55000
2024-10-09,Smartphone,Electronics,230071.2,7,30000
2024-10-09,Headphones,Accessories,4811.17,2,2500
2024-10-09,Keyboard,Accessories,13401.78,8,1500
2024-10-09,Mouse,Accessories,5783.42,8,800
2024-10-09,Office Chair,Furniture,68585.81,8,9000
2024-10-09,Desk,Furniture,61687.95,5,12000
2024-10-09,Monitor,Electronics,95856.14,7,15000
2024-10-10,Laptop,Electronics,410923.38,7,55000
2024-10-10,Smartphone,Electronics,200509.17,7,30000
2024-10-10,Headphones,Accessories,11820.92,5,2500
2024-10-10,Keyboard,Accessories,11446.02,7,1500
2024-10-10,Mouse,Accessories,792.24,1,800
2024-10-10,Office Chair,Furniture,70197.83,8,9000
2024-10-10,Desk,Furniture,85792.79,8,12000
2024-10-10,Monitor,Electronics,29700.71,2,15000
2024-10-11,Laptop,Electronics,317887.34,6,55000
2024-10-11,Smartphone,Electronics,62407.86,2,30000
2024-10-11,Headphones,Accessories,2717.32,1,2500
2024-10-11,Keyboard,Accessories,10689.49,8,1500
2024-10-11,Mouse,Accessories,6922.41,8,800
2024-10-11,Office Chair,Furniture,9572.75,1,9000
2024-10-11,Desk,Furniture,53027.85,5,12000
2024-10-11,Monitor,Electronics,89770.88,6,15000
2024-10-12,Laptop,Electronics,54901.91,1,55000
2024-10-12,Smartphone,Electronics,156733.41,5,30000
2024-10-12,Headphones,Accessories,12084.21,5,2500
2024-10-12,Keyboard,Accessories,6431.59,4,1500
2024-10-12,Mouse,Accessories,8381.18,10,800
2024-10-12,Office Chair,Furniture,38267.54,4,9000
2024-10-12,Desk,Furniture,105291.99,8,12000
2024-10-12,Monitor,Electronics,116376.41,7,15000
2024-10-13,Laptop,Electronics,385937.71,7,55000
2024-10-13,Smartphone,Electronics,213997.45,7,30000
2024-10-13,Headphones,Accessories,5443.53,2,2500
2024-10-13,Keyboard,Accessories,11221.9,8,1500
2024-10-13,Mouse,Accessories,8830.06,10,800
2024-10-13,Office Chair,Furniture,65444.41,7,9000
2024-10-13,Desk,Furniture,87513.3,8,12000
2024-10-13,Monitor,Electronics,68975.44,5,15000
2024-10-14,Laptop,Electronics,153860.91,3,55000
2024-10-14,Smartphone,Electronics,175963.25,6,30000
2024-10-14,Headphones,Accessories,17936.17,7,2500
2024-10-14,Keyboard,Accessories,11684.21,7,1500
2024-10-14,Mouse,Accessories,5120.19,7,800
2024-10-14,Office Chair,Furniture,59262.31,7,9000
2024-10-14,Desk,Furniture,23236.17,2,12000
2024-10-14,Monitor,Electronics,43244.79,3,15000
2024-10-15,Laptop,Electronics,178666.79,3,55000
2024-10-15,Smartphone,Electronics,230648.6,8,30000
2024-10-15,Headphones,Accessories,13018.29,5,2500
2024-10-15,Keyboard,Accessories,1410.95,1,1500
2024-10-15,Mouse,Accessories,5230.93,6,800
2024-10-15,Office Chair,Furniture,73536.76,8,9000
2024-10-15,Desk,Furniture,52809.41,5,12000
2024-10-15,Monitor,Electronics,122888.11,8,15000
2024-10-16,Laptop,Electronics,56680.74,1,55000
2024-10-16,Smartphone,Electronics,168424.81,6,30000
2024-10-16,Headphones,Accessories,12374.97,5,2500
2024-10-16,Keyboard,Accessories,11134.58,8,1500
2024-10-16,Mouse,Accessories,1499.04,2,800
2024-10-16,Office Chair,Furniture,24019.58,3,9000
2024-10-16,Desk,Furniture,86216.42,7,12000
2024-10-16,Monitor,Electronics,42171.98,3,15000
2024-10-17,Laptop,Electronics,168561.94,3,55000
2024-10-17,Smartphone,Electronics,178544.13,6,30000
2024-10-17,Headphones,Accessories,2621.49,1,2500
2024-10-17,Keyboard,Accessories,11963.32,8,1500
2024-10-17,Mouse,Accessories,1604.96,2,800
2024-10-17,Office Chair,Furniture,70553.31,7,9000
2024-10-17,Desk,Furniture,23411.71,2,12000
2024-10-17,Monitor,Electronics,104387.33,7,15000
2024-10-18,Laptop,Electronics,146406.36,3,55000
2024-10-18,Smartphone,Electronics,160363.55,6,30000
2024-10-18,Headphones,Accessories,2506.35,1,2500
2024-10-18,Keyboard,Accessories,7806.06,5,1500
2024-10-18,Mouse,Accessories,4009.46,5,800
2024-10-18,Office Chair,Furniture,65492.37,8,9000
2024-10-18,Desk,Furniture,56809.98,5,12000
2024-10-18,Monitor,Electronics,14777.44,1,15000
2024-10-19,Laptop,Electronics,492419.66,8,55000
2024-10-19,Smartphone,Electronics,132898.98,5,30000
2024-10-19,Headphones,Accessories,4658.6,2,2500
2024-10-19,Keyboard,Accessories,14876.46,10,1500
2024-10-19,Mouse,Accessories,5077.98,7,800
2024-10-19,Office Chair,Furniture,8328.54,1,9000
2024-10-19,Desk,Furniture,44238.67,4,12000
2024-10-19,Monitor,Electronics,15398.77,1,15000
2024-10-20,Laptop,Electronics,107151.27,2,55000
2024-10-20,Smartphone,Electronics,121971.79,4,30000
2024-10-20,Headphones,Accessories,26636.63,10,2500
2024-10-20,Keyboard,Accessories,3127.72,2,1500
2024-10-20,Mouse,Accessories,6050.33,7,800
2024-10-20,Office Chair,Furniture,69682.51,8,9000
2024-10-20,Desk,Furniture,84921.34,8,12000
2024-10-20,Monitor,Electronics,60356.19,4,15000
2024-10-21,Laptop,Electronics,52132.97,1,55000
2024-10-21,Smartphone,Electronics,86653.81,3,30000
2024-10-21,Headphones,Accessories,2399.32,1,2500
2024-10-21,Keyboard,Accessories,3120.86,2,1500
2024-10-21,Mouse,Accessories,2478.97,3,800
2024-10-21,Office Chair,Furniture,27722.28,3,9000
2024-10-21,Desk,Furniture,33341.56,3,12000
2024-10-21,Monitor,Electronics,81265.97,5,15000
2024-10-22,Laptop,Electronics,450520.67,8,55000
2024-10-22,Smartphone,Electronics,158606.41,5,30000
2024-10-22,Headphones,Accessories,5495.52,2,2500
2024-10-22,Keyboard,Accessories,8334.05,5,1500
2024-10-22,Mouse,Accessories,4170.99,5,800
2024-10-22,Office Chair,Furniture,9445.49,1,9000
2024-10-22,Desk,Furniture,94517.26,8,12000
2024-10-22,Monitor,Electronics,42968.3,3,15000
2024-10-23,Laptop,Electronics,150833.31,3,55000
2024-10-23,Smartphone,Electronics,97549.94,3,30000
2024-10-23,Headphones,Accessories,4812.06,2,2500
2024-10-23,Keyboard,Accessories,1656.77,1,1500
2024-10-23,Mouse,Accessories,1764.59,2,800
2024-10-23,Office Chair,Furniture,41380.76,5,9000
2024-10-23,Desk,Furniture,88230.7,8,12000
2024-10-23,Monitor,Electronics,70913.1,5,15000
2024-10-24,Laptop,Electronics,489428.87,8,55000
2024-10-24,Smartphone,Electronics,32975.28,1,30000
2024-10-24,Headphones,Accessories,7043.99,3,2500
2024-10-24,Keyboard,Accessories,9391.44,7,1500
2024-10-24,Mouse,Accessories,848.23,1,800
2024-10-24,Office Chair,Furniture,16605.47,2,9000
2024-10-24,Desk,Furniture,65343.69,6,12000
2024-10-24,Monitor,Electronics,40200.54,3,15000
2024-10-25,Laptop,Electronics,436028.51,8,55000
2024-10-25,Smartphone,Electronics,31177.37,1,30000
2024-10-25,Headphones,Accessories,5260.54,2,2500
2024-10-25,Keyboard,Accessories,13107.61,8,1500
2024-10-25,Mouse,Accessories,4247.17,5,800
2024-10-25,Office Chair,Furniture,42989.88,5,9000
2024-10-25,Desk,Furniture,86946.6,8,12000
2024-10-25,Monitor,Electronics,97203.37,7,15000
2024-10-26,Laptop,Electronics,486487.32,8,55000
2024-10-26,Smartphone,Electronics,206469.86,7,30000
2024-10-26,Headphones,Accessories,2693.5,1,2500
2024-10-26,Keyboard,Accessories,11092.01,7,1500
2024-10-26,Mouse,Accessories,726.45,1,800
2024-10-26,Office Chair,Furniture,62891.43,7,9000
2024-10-26,Desk,Furniture,21909.64,2,12000
2024-10-26,Monitor,Electronics,147618.38,10,15000
2024-10-27,Laptop,Electronics,392725.11,7,55000
2024-10-27,Smartphone,Electronics,60672.42,2,30000
2024-10-27,Headphones,Accessories,2227.15,1,2500
2024-10-27,Keyboard,Accessories,7919.4,5,1500
2024-10-27,Mouse,Accessories,4078.16,5,800
2024-10-27,Office Chair,Furniture,67853.23,7,9000
2024-10-27,Desk,Furniture,96533.22,8,12000
2024-10-27,Monitor,Electronics,58716.34,4,15000
2024-10-28,Laptop,Electronics,105427.38,2,55000
2024-10-28,Smartphone,Electronics,26995.69,1,30000
2024-10-28,Headphones,Accessories,8041.77,3,2500
2024-10-28,Keyboard,Accessories,8133.27,6,1500
2024-10-28,Mouse,Accessories,4758.51,6,800
2024-10-28,Office Chair,Furniture,30114.08,3,9000
2024-10-28,Desk,Furniture,67270.04,6,12000
2024-10-28,Monitor,Electronics,46024.35,3,15000
2024-10-29,Laptop,Electronics,57636.11,1,55000
2024-10-29,Smartphone,Electronics,93428.3,3,30000
2024-10-29,Headphones,Accessories,11669.19,5,2500
2024-10-29,Keyboard,Accessories,11056.87,8,1500
2024-10-29,Mouse,Accessories,2542.94,3,800
2024-10-29,Office Chair,Furniture,50711.32,6,9000
2024-10-29,Desk,Furniture,66963.37,5,12000
2024-10-29,Monitor,Electronics,13314.4,1,15000
2024-10-30,Laptop,Electronics,108184.57,2,55000
2024-10-30,Smartphone,Electronics,219512.21,8,30000
2024-10-30,Headphones,Accessories,17853.27,8,2500
2024-10-30,Keyboard,Accessories,7542.46,5,1500
2024-10-30,Mouse,Accessories,5232.45,7,800
2024-10-30,Office Chair,Furniture,73286.27,8,9000
2024-10-30,Desk,Furniture,12223.58,1,12000
2024-10-30,Monitor,Electronics,115023.14,7,15000
2024-10-31,Laptop,Electronics,473865.51,8,55000
2024-10-31,Smartphone,Electronics,229952.56,7,30000
2024-10-31,Headphones,Accessories,18784.0,7,2500
2024-10-31,Keyboard,Accessories,1520.63,1,1500
2024-10-31,Mouse,Accessories,4321.56,6,800
2024-10-31,Office Chair,Furniture,8694.0,1,9000
2024-10-31,Desk,Furniture,77890.9,6,12000
2024-10-31,Monitor,Electronics,97003.34,7,15000
2024-11-01,Laptop,Electronics,336056.62,6,55000
2024-11-01,Smartphone,Electronics,175015.2,6,30000
2024-11-01,Headphones,Accessories,2365.45,1,2500
2024-11-01,Keyboard,Accessories,3978.1,3,1500
2024-11-01,Mouse,Accessories,5299.68,6,800
2024-11-01,Office Chair,Furniture,8828.84,1,9000
2024-11-01,Desk,Furniture,21308.12,2,12000
2024-11-01,Monitor,Electronics,85934.93,6,15000
2024-11-02,Laptop,Electronics,404224.71,8,55000
2024-11-02,Smartphone,Electronics,66784.57,2,30000
2024-11-02,Headphones,Accessories,2756.86,1,2500
2024-11-02,Keyboard,Accessories,10757.14,8,1500
2024-11-02,Mouse,Accessories,3631.7,5,800
2024-11-02,Office Chair,Furniture,38363.66,4,9000
2024-11-02,Desk,Furniture,124659.2,10,12000
2024-11-02,Monitor,Electronics,15533.65,1,15000
2024-11-03,Laptop,Electronics,278343.78,5,55000
2024-11-03,Smartphone,Electronics,64804.47,2,30000
2024-11-03,Headphones,Accessories,17240.34,7,2500
2024-11-03,Keyboard,Accessories,14119.21,10,1500
2024-11-03,Mouse,Accessories,789.27,1,800
2024-11-03,Office Chair,Furniture,44062.26,5,9000
2024-11-03,Desk,Furniture,24217.63,2,12000
2024-11-03,Monitor,Electronics,94166.73,7,15000
2024-11-04,Laptop,Electronics,417613.36,8,55000
2024-11-04,Smartphone,Electronics,79829.75,3,30000
2024-11-04,Headphones,Accessories,16056.39,7,2500
2024-11-04,Keyboard,Accessories,2761.11,2,1500
2024-11-04,Mouse,Accessories,5042.05,6,800
2024-11-04,Office Chair,Furniture,25259.35,3,9000
2024-11-04,Desk,Furniture,101333.45,8,12000
2024-11-04,Monitor,Electronics,14326.98,1,15000
2024-11-05,Laptop,Electronics,120195.2,2,55000
2024-11-05,Smartphone,Electronics,164991.14,5,30000
2024-11-05,Headphones,Accessories,4779.9,2,2500
2024-11-05,Keyboard,Accessories,4058.68,3,1500
2024-11-05,Mouse,Accessories,5642.06,7,800
2024-11-05,Office Chair,Furniture,57641.29,6,9000
2024-11-05,Desk,Furniture,101333.68,8,12000
2024-11-05,Monitor,Electronics,49250.82,3,15000
2024-11-06,Laptop,Electronics,475157.38,8,55000
2024-11-06,Smartphone,Electronics,232336.01,7,30000
2024-11-06,Headphones,Accessories,14752.69,6,2500
2024-11-06,Keyboard,Accessories,7982.63,5,1500
2024-11-06,Mouse,Accessories,5265.57,7,800
2024-11-06,Office Chair,Furniture,16917.85,2,9000
2024-11-06,Desk,Furniture,24081.19,2,12000
2024-11-06,Monitor,Electronics,98674.19,6,15000
2024-11-07,Laptop,Electronics,368849.51,7,55000
2024-11-07,Smartphone,Electronics,91283.16,3,30000
2024-11-07,Headphones,Accessories,4407.65,2,2500
2024-11-07,Keyboard,Accessories,1570.81,1,1500
2024-11-07,Mouse,Accessories,6238.96,8,800
2024-11-07,Office Chair,Furniture,8375.51,1,9000
2024-11-07,Desk,Furniture,90459.8,7,12000
2024-11-07,Monitor,Electronics,49824.97,3,15000
2024-11-08,Laptop,Electronics,267228.65,5,55000
2024-11-08,Smartphone,Electronics,226517.48,8,30000
2024-11-08,Headphones,Accessories,8004.34,3,2500
2024-11-08,Keyboard,Accessories,1537.27,1,1500
2024-11-08,Mouse,Accessories,6338.02,8,800
2024-11-08,Office Chair,Furniture,16360.07,2,9000
2024-11-08,Desk,Furniture,11130.52,1,12000
2024-11-08,Monitor,Electronics,30883.82,2,15000
2024-11-09,Laptop,Electronics,539420.03,10,55000
2024-11-09,Smartphone,Electronics,151672.51,5,30000
2024-11-09,Headphones,Accessories,21326.19,8,2500
2024-11-09,Keyboard,Accessories,2763.07,2,1500
2024-11-09,Mouse,Accessories,8493.98,10,800
2024-11-09,Office Chair,Furniture,75874.74,8,9000
2024-11-09,Desk,Furniture,93537.11,8,12000
2024-11-09,Monitor,Electronics,160978.69,10,15000
2024-11-10,Laptop,Electronics,57134.69,1,55000
2024-11-10,Smartphone,Electronics,144082.44,5,30000
2024-11-10,Headphones,Accessories,4680.58,2,2500
2024-11-10,Keyboard,Accessories,6475.42,4,1500
2024-11-10,Mouse,Accessories,7129.12,8,800
2024-11-10,Office Chair,Furniture,84913.54,10,9000
2024-11-10,Desk,Furniture,104488.16,8,12000
2024-11-10,Monitor,Electronics,66646.74,5,15000
2024-11-11,Laptop,Electronics,98136.43,2,55000
2024-11-11,Smartphone,Electronics,88272.09,3,30000
2024-11-11,Headphones,Accessories,7307.21,3,2500
2024-11-11,Keyboard,Accessories,9499.3,6,1500
2024-11-11,Mouse,Accessories,5978.49,7,800
2024-11-11,Office Chair,Furniture,25745.68,3,9000
2024-11-11,Desk,Furniture,24508.91,2,12000
2024-11-11,Monitor,Electronics,91430.24,6,15000
2024-11-12,Laptop,Electronics,389083.96,7,55000
2024-11-12,Smartphone,Electronics,90763.95,3,30000
2024-11-12,Headphones,Accessories,18903.16,8,2500
2024-11-12,Keyboard,Accessories,10940.06,8,1500
2024-11-12,Mouse,Accessories,6476.6,8,800
2024-11-12,Office Chair,Furniture,44202.11,5,9000
2024-11-12,Desk,Furniture,77212.87,7,12000
2024-11-12,Monitor,Electronics,112060.37,8,15000
2024-11-13,Laptop,Electronics,295942.15,5,55000
2024-11-13,Smartphone,Electronics,162284.38,6,30000
2024-11-13,Headphones,Accessories,12350.18,5,2500
2024-11-13,Keyboard,Accessories,9273.15,6,1500
2024-11-13,Mouse,Accessories,4320.22,6,800
2024-11-13,Office Chair,Furniture,66817.32,7,9000
2024-11-13,Desk,Furniture,78404.55,6,12000
2024-11-13,Monitor,Electronics,88749.51,6,15000
2024-11-14,Laptop,Electronics,164381.89,3,55000
2024-11-14,Smartphone,Electronics,241724.58,8,30000
2024-11-14,Headphones,Accessories,6989.25,3,2500
2024-11-14,Keyboard,Accessories,9659.73,6,1500
2024-11-14,Mouse,Accessories,2636.62,3,800
2024-11-14,Office Chair,Furniture,49454.27,6,9000
2024-11-14,Desk,Furniture,80906.62,7,12000
2024-11-14,Monitor,Electronics,29340.88,2,15000
2024-11-15,Laptop,Electronics,98296.36,2,55000
2024-11-15,Smartphone,Electronics,153054.19,5,30000
2024-11-15,Headphones,Accessories,7854.89,3,2500
2024-11-15,Keyboard,Accessories,8452.48,6,1500
2024-11-15,Mouse,Accessories,5277.21,7,800
2024-11-15,Office Chair,Furniture,60540.14,7,9000
2024-11-15,Desk,Furniture,91329.5,8,12000
2024-11-15,Monitor,Electronics,108800.75,8,15000
2024-11-16,Laptop,Electronics,412600.14,8,55000
2024-11-16,Smartphone,Electronics,320917.48,10,30000
2024-11-16,Headphones,Accessories,13019.28,5,2500
2024-11-16,Keyboard,Accessories,6790.06,5,1500
2024-11-16,Mouse,Accessories,5138.09,7,800
2024-11-16,Office Chair,Furniture,72607.43,8,9000
2024-11-16,Desk,Furniture,99946.08,8,12000
2024-11-16,Monitor,Electronics,117341.86,7,15000
2024-11-17,Laptop,Electronics,430514.56,7,55000
2024-11-17,Smartphone,Electronics,60066.51,2,30000
2024-11-17,Headphones,Accessories,13931.84,5,2500
2024-11-17,Keyboard,Accessories,11573.2,8,1500
2024-11-17,Mouse,Accessories,3259.76,4,800
2024-11-17,Office Chair,Furniture,65085.08,7,9000
2024-11-17,Desk,Furniture,119069.22,10,12000
2024-11-17,Monitor,Electronics,29527.4,2,15000
2024-11-18,Laptop,Electronics,108085.64,2,55000
2024-11-18,Smartphone,Electronics,155953.15,5,30000
2024-11-18,Headphones,Accessories,15498.84,7,2500
2024-11-18,Keyboard,Accessories,12544.57,8,1500
2024-11-18,Mouse,Accessories,728.8,1,800
2024-11-18,Office Chair,Furniture,57622.54,6,9000
2024-11-18,Desk,Furniture,24135.94,2,12000
2024-11-18,Monitor,Electronics,66722.5,5,15000
2024-11-19,Laptop,Electronics,54897.47,1,55000
2024-11-19,Smartphone,Electronics,31095.07,1,30000
2024-11-19,Headphones,Accessories,15955.31,6,2500
2024-11-19,Keyboard,Accessories,3073.78,2,1500
2024-11-19,Mouse,Accessories,3618.73,5,800
2024-11-19,Office Chair,Furniture,17083.43,2,9000
2024-11-19,Desk,Furniture,25001.31,2,12000
2024-11-19,Monitor,Electronics,82117.73,6,15000
2024-11-20,Laptop,Electronics,171988.76,3,55000
2024-11-20,Smartphone,Electronics,33196.28,1,30000
2024-11-20,Headphones,Accessories,2609.52,1,2500
2024-11-20,Keyboard,Accessories,6602.42,5,1500
2024-11-20,Mouse,Accessories,3784.89,5,800
2024-11-20,Office Chair,Furniture,7959.71,1,9000
2024-11-20,Desk,Furniture,25107.96,2,12000
2024-11-20,Monitor,Electronics,15451.19,1,15000
2024-11-21,Laptop,Electronics,57009.51,1,55000
2024-11-21,Smartphone,Electronics,214652.73,8,30000
2024-11-21,Headphones,Accessories,15381.59,6,2500
2024-11-21,Keyboard,Accessories,7862.49,5,1500
2024-11-21,Mouse,Accessories,2534.87,3,800
2024-11-21,Office Chair,Furniture,16632.51,2,9000
2024-11-21,Desk,Furniture,13235.12,1,12000
2024-11-21,Monitor,Electronics,14875.21,1,15000
2024-11-22,Laptop,Electronics,56620.07,1,55000
2024-11-22,Smartphone,Electronics,28261.86,1,30000
2024-11-22,Headphones,Accessories,12448.14,5,2500
2024-11-22,Keyboard,Accessories,2947.01,2,1500
2024-11-22,Mouse,Accessories,4215.28,5,800
2024-11-22,Office Chair,Furniture,59914.49,7,9000
2024-11-22,Desk,Furniture,103039.32,8,12000
2024-11-22,Monitor,Electronics,26763.0,2,15000
2024-11-23,Laptop,Electronics,281073.11,5,55000
2024-11-23,Smartphone,Electronics,152301.1,5,30000
2024-11-23,Headphones,Accessories,15691.46,7,2500
2024-11-23,Keyboard,Accessories,12978.68,8,1500
2024-11-23,Mouse,Accessories,6861.12,8,800
2024-11-23,Office Chair,Furniture,17596.47,2,9000
2024-11-23,Desk,Furniture,100947.12,8,12000
2024-11-23,Monitor,Electronics,79083.1,5,15000
2024-11-24,Laptop,Electronics,576113.93,10,55000
2024-11-24,Smartphone,Electronics,153797.33,5,30000
2024-11-24,Headphones,Accessories,2702.52,1,2500
2024-11-24,Keyboard,Accessories,8302.66,5,1500
2024-11-24,Mouse,Accessories,3010.79,4,800
2024-11-24,Office Chair,Furniture,59551.95,7,9000
2024-11-24,Desk,Furniture,52887.79,4,12000
2024-11-24,Monitor,Electronics,108369.53,7,15000
2024-11-25,Laptop,Electronics,379674.67,7,55000
2024-11-25,Smartphone,Electronics,221530.41,7,30000
2024-11-25,Headphones,Accessories,2599.03,1,2500
2024-11-25,Keyboard,Accessories,9560.97,7,1500
2024-11-25,Mouse,Accessories,5108.87,7,800
2024-11-25,Office Chair,Furniture,49581.95,5,9000
2024-11-25,Desk,Furniture,92434.89,7,12000
2024-11-25,Monitor,Electronics,28691.49,2,15000
2024-11-26,Laptop,Electronics,161120.28,3,55000
2024-11-26,Smartphone,Electronics,85653.71,3,30000
2024-11-26,Headphones,Accessories,6600.06,3,2500
2024-11-26,Keyboard,Accessories,11489.45,8,1500
2024-11-26,Mouse,Accessories,3764.3,5,800
2024-11-26,Office Chair,Furniture,56832.53,7,9000
2024-11-26,Desk,Furniture,79907.87,6,12000
2024-11-26,Monitor,Electronics,49306.91,3,15000
2024-11-27,Laptop,Electronics,297136.47,6,55000
2024-11-27,Smartphone,Electronics,29165.11,1,30000
2024-11-27,Headphones,Accessories,5128.56,2,2500
2024-11-27,Keyboard,Accessories,7006.31,5,1500
2024-11-27,Mouse,Accessories,6369.35,8,800
2024-11-27,Office Chair,Furniture,40643.76,5,9000
2024-11-27,Desk,Furniture,38848.81,3,12000
2024-11-27,Monitor,Electronics,103591.41,7,15000
2024-11-28,Laptop,Electronics,297341.87,6,55000
2024-11-28,Smartphone,Electronics,98452.47,3,30000
2024-11-28,Headphones,Accessories,8062.45,3,2500
2024-11-28,Keyboard,Accessories,2983.05,2,1500
2024-11-28,Mouse,Accessories,781.32,1,800
2024-11-28,Office Chair,Furniture,58659.85,6,9000
2024-11-28,Desk,Furniture,75363.62,6,12000
2024-11-28,Monitor,Electronics,15476.63,1,15000
2024-11-29,Laptop,Electronics,171598.04,3,55000
2024-11-29,Smartphone,Electronics,156963.2,5,30000
2024-11-29,Headphones,Accessories,14124.28,6,2500
2024-11-29,Keyboard,Accessories,13073.84,8,1500
2024-11-29,Mouse,Accessories,6264.86,7,800
2024-11-29,Office Chair,Furniture,27772.24,3,9000
2024-11-29,Desk,Furniture,75001.57,6,12000
2024-11-29,Monitor,Electronics,14224.35,1,15000
2024-11-30,Laptop,Electronics,274475.6,5,55000
2024-11-30,Smartphone,Electronics,227637.95,7,30000
2024-11-30,Headphones,Accessories,9342.48,4,2500
2024-11-30,Keyboard,Accessories,3016.97,2,1500
2024-11-30,Mouse,Accessories,3183.48,4,800
2024-11-30,Office Chair,Furniture,34080.58,4,9000
2024-11-30,Desk,Furniture,10807.77,1,12000
2024-11-30,Monitor,Electronics,64786.81,4,15000
2024-12-01,Laptop,Electronics,224519.03,4,55000
2024-12-01,Smartphone,Electronics,268801.96,10,30000
2024-12-01,Headphones,Accessories,10330.66,4,2500
2024-12-01,Keyboard,Accessories,6622.86,4,1500
2024-12-01,Mouse,Accessories,1599.28,2,800
2024-12-01,Office Chair,Furniture,67719.95,8,9000
2024-12-01,Desk,Furniture,99523.96,8,12000
2024-12-01,Monitor,Electronics,82162.84,5,15000
2024-12-02,Laptop,Electronics,150573.26,3,55000
2024-12-02,Smartphone,Electronics,232213.77,8,30000
2024-12-02,Headphones,Accessories,8233.92,3,2500
2024-12-02,Keyboard,Accessories,6941.89,5,1500
2024-12-02,Mouse,Accessories,1703.85,2,800
2024-12-02,Office Chair,Furniture,43473.11,5,9000
2024-12-02,Desk,Furniture,72513.46,6,12000
2024-12-02,Monitor,Electronics,86020.7,6,15000
2024-12-03,Laptop,Electronics,61272.38,1,55000
2024-12-03,Smartphone,Electronics,188731.04,6,30000
2024-12-03,Headphones,Accessories,2779.93,1,2500
2024-12-03,Keyboard,Accessories,7312.69,5,1500
2024-12-03,Mouse,Accessories,833.81,1,800
2024-12-03,Office Chair,Furniture,17621.05,2,9000
2024-12-03,Desk,Furniture,85017.51,7,12000
2024-12-03,Monitor,Electronics,81801.66,6,15000
2024-12-04,Laptop,Electronics,280262.26,5,55000
2024-12-04,Smartphone,Electronics,29120.44,1,30000
2024-12-04,Headphones,Accessories,17360.26,7,2500
2024-12-04,Keyboard,Accessories,1502.14,1,1500
2024-12-04,Mouse,Accessories,5010.12,7,800
2024-12-04,Office Chair,Furniture,50375.69,5,9000
2024-12-04,Desk,Furniture,81071.33,7,12000
2024-12-04,Monitor,Electronics,98049.35,6,15000
2024-12-05,Laptop,Electronics,420414.48,7,55000
2024-12-05,Smartphone,Electronics,79204.03,3,30000
2024-12-05,Headphones,Accessories,7787.44,3,2500
2024-12-05,Keyboard,Accessories,10873.55,7,1500
2024-12-05,Mouse,Accessories,5540.03,7,800
2024-12-05,Office Chair,Furniture,9951.49,1,9000
2024-12-05,Desk,Furniture,76648.77,7,12000
2024-12-05,Monitor,Electronics,13745.16,1,15000
2024-12-06,Laptop,Electronics,103729.22,2,55000
2024-12-06,Smartphone,Electronics,163204.22,6,30000
2024-12-06,Headphones,Accessories,7208.55,3,2500
2024-12-06,Keyboard,Accessories,1378.51,1,1500
2024-12-06,Mouse,Accessories,3676.15,5,800
2024-12-06,Office Chair,Furniture,9259.13,1,9000
2024-12-06,Desk,Furniture,75100.68,7,12000
2024-12-06,Monitor,Electronics,13351.07,1,15000
2024-12-07,Laptop,Electronics,119818.5,2,55000
2024-12-07,Smartphone,Electronics,108954.56,4,30000
2024-12-07,Headphones,Accessories,9509.12,4,2500
2024-12-07,Keyboard,Accessories,6742.7,5,1500
2024-12-07,Mouse,Accessories,3271.25,4,800
2024-12-07,Office Chair,Furniture,8776.04,1,9000
2024-12-07,Desk,Furniture,65454.28,5,12000
2024-12-07,Monitor,Electronics,54980.82,4,15000
2024-12-08,Laptop,Electronics,213217.66,4,55000
2024-12-08,Smartphone,Electronics,188863.02,7,30000
2024-12-08,Headphones,Accessories,21224.64,8,2500
2024-12-08,Keyboard,Accessories,15008.97,10,1500
2024-12-08,Mouse,Accessories,5755.17,8,800
2024-12-08,Office Chair,Furniture,38517.78,4,9000
2024-12-08,Desk,Furniture,64732.6,5,12000
2024-12-08,Monitor,Electronics,28610.2,2,15000
2024-12-09,Laptop,Electronics,486556.95,8,55000
2024-12-09,Smartphone,Electronics,28726.32,1,30000
2024-12-09,Headphones,Accessories,5565.13,2,2500
2024-12-09,Keyboard,Accessories,8771.33,6,1500
2024-12-09,Mouse,Accessories,3558.67,5,800
2024-12-09,Office Chair,Furniture,62539.12,7,9000
2024-12-09,Desk,Furniture,24464.52,2,12000
2024-12-09,Monitor,Electronics,79426.66,6,15000
2024-12-10,Laptop,Electronics,109505.74,2,55000
2024-12-10,Smartphone,Electronics,192351.97,6,30000
2024-12-10,Headphones,Accessories,15492.68,7,2500
2024-12-10,Keyboard,Accessories,1634.59,1,1500
2024-12-10,Mouse,Accessories,4301.81,5,800
2024-12-10,Office Chair,Furniture,9144.49,1,9000
2024-12-10,Desk,Furniture,70960.71,6,12000
2024-12-10,Monitor,Electronics,66433.98,5,15000
2024-12-11,Laptop,Electronics,245601.32,5,55000
2024-12-11,Smartphone,Electronics,83288.53,3,30000
2024-12-11,Headphones,Accessories,4859.86,2,2500
2024-12-11,Keyboard,Accessories,9875.96,6,1500
2024-12-11,Mouse,Accessories,3566.43,5,800
2024-12-11,Office Chair,Furniture,17745.77,2,9000
2024-12-11,Desk,Furniture,36760.32,3,12000
2024-12-11,Monitor,Electronics,15012.77,1,15000
2024-12-12,Laptop,Electronics,358959.31,7,55000
2024-12-12,Smartphone,Electronics,247572.03,8,30000
2024-12-12,Headphones,Accessories,2467.23,1,2500
2024-12-12,Keyboard,Accessories,8814.54,6,1500
2024-12-12,Mouse,Accessories,6463.15,8,800
2024-12-12,Office Chair,Furniture,44083.35,5,9000
2024-12-12,Desk,Furniture,37085.62,3,12000
2024-12-12,Monitor,Electronics,13275.68,1,15000
2024-12-13,Laptop,Electronics,344305.85,7,55000
2024-12-13,Smartphone,Electronics,256573.95,8,30000
2024-12-13,Headphones,Accessories,15084.24,6,2500
2024-12-13,Keyboard,Accessories,3030.96,2,1500
2024-12-13,Mouse,Accessories,1438.76,2,800
2024-12-13,Office Chair,Furniture,47679.94,6,9000
2024-12-13,Desk,Furniture,33273.73,3,12000
2024-12-13,Monitor,Electronics,70394.91,5,15000
2024-12-14,Laptop,Electronics,196300.73,4,55000
2024-12-14,Smartphone,Electronics,325546.02,10,30000
2024-12-14,Headphones,Accessories,17429.84,7,2500
2024-12-14,Keyboard,Accessories,13898.99,10,1500
2024-12-14,Mouse,Accessories,8010.94,10,800
2024-12-14,Office Chair,Furniture,55830.24,7,9000
2024-12-14,Desk,Furniture,120588.94,10,12000
2024-12-14,Monitor,Electronics,65443.68,4,15000
2024-12-15,Laptop,Electronics,259034.86,5,55000
2024-12-15,Smartphone,Electronics,187254.22,7,30000
2024-12-15,Headphones,Accessories,26666.87,10,2500
2024-12-15,Keyboard,Accessories,2773.4,2,1500
2024-12-15,Mouse,Accessories,827.95,1,800
2024-12-15,Office Chair,Furniture,8633.65,1,9000
2024-12-15,Desk,Furniture,94946.57,8,12000
2024-12-15,Monitor,Electronics,13477.88,1,15000
2024-12-16,Laptop,Electronics,306946.08,5,55000
2024-12-16,Smartphone,Electronics,136438.22,5,30000
2024-12-16,Headphones,Accessories,16432.56,7,2500
2024-12-16,Keyboard,Accessories,1341.28,1,1500
2024-12-16,Mouse,Accessories,5847.72,7,800
2024-12-16,Office Chair,Furniture,24064.38,3,9000
2024-12-16,Desk,Furniture,81623.93,7,12000
2024-12-16,Monitor,Electronics,99604.69,7,15000
2024-12-17,Laptop,Electronics,145365.82,3,55000
2024-12-17,Smartphone,Electronics,26798.99,1,30000
2024-12-17,Headphones,Accessories,7978.75,3,2500
2024-12-17,Keyboard,Accessories,1469.56,1,1500
2024-12-17,Mouse,Accessories,4076.43,5,800
2024-12-17,Office Chair,Furniture,41512.49,5,9000
2024-12-17,Desk,Furniture,21358.63,2,12000
2024-12-17,Monitor,Electronics,30715.39,2,15000
2024-12-18,Laptop,Electronics,428716.34,8,55000
2024-12-18,Smartphone,Electronics,165722.58,6,30000
2024-12-18,Headphones,Accessories,11537.09,5,2500
2024-12-18,Keyboard,Accessories,11158.42,8,1500
2024-12-18,Mouse,Accessories,1618.02,2,800
2024-12-18,Office Chair,Furniture,17274.18,2,9000
2024-12-18,Desk,Furniture,53847.38,5,12000
2024-12-18,Monitor,Electronics,30919.77,2,15000
2024-12-19,Laptop,Electronics,469824.17,8,55000
2024-12-19,Smartphone,Electronics,86218.33,3,30000
2024-12-19,Headphones,Accessories,5449.17,2,2500
2024-12-19,Keyboard,Accessories,11080.21,7,1500
2024-12-19,Mouse,Accessories,825.1,1,800
2024-12-19,Office Chair,Furniture,30098.87,3,9000
2024-12-19,Desk,Furniture,84864.21,8,12000
2024-12-19,Monitor,Electronics,43209.28,3,15000
2024-12-20,Laptop,Electronics,415991.91,8,55000
2024-12-20,Smartphone,Electronics,152820.95,5,30000
2024-12-20,Headphones,Accessories,7539.39,3,2500
2024-12-20,Keyboard,Accessories,8159.56,5,1500
2024-12-20,Mouse,Accessories,887.78,1,800
2024-12-20,Office Chair,Furniture,24667.12,3,9000
2024-12-20,Desk,Furniture,35651.33,3,12000
2024-12-20,Monitor,Electronics,102549.04,7,15000
2024-12-21,Laptop,Electronics,559048.9,10,55000
2024-12-21,Smartphone,Electronics,218988.52,8,30000
2024-12-21,Headphones,Accessories,9750.4,4,2500
2024-12-21,Keyboard,Accessories,10591.91,8,1500
2024-12-21,Mouse,Accessories,8862.6,10,800
2024-12-21,Office Chair,Furniture,62002.87,7,9000
2024-12-21,Desk,Furniture,93909.3,7,12000
2024-12-21,Monitor,Electronics,14475.76,1,15000
2024-12-22,Laptop,Electronics,228934.76,4,55000
2024-12-22,Smartphone,Electronics,125780.9,4,30000
2024-12-22,Headphones,Accessories,22105.59,8,2500
2024-12-22,Keyboard,Accessories,3054.43,2,1500
2024-12-22,Mouse,Accessories,829.93,1,800
2024-12-22,Office Chair,Furniture,91154.99,10,9000
2024-12-22,Desk,Furniture,78447.99,7,12000
2024-12-22,Monitor,Electronics,64715.98,4,15000
2024-12-23,Laptop,Electronics,159251.34,3,55000
2024-12-23,Smartphone,Electronics,53423.74,2,30000
2024-12-23,Headphones,Accessories,7070.09,3,2500
2024-12-23,Keyboard,Accessories,1588.11,1,1500
2024-12-23,Mouse,Accessories,856.88,1,800
2024-12-23,Office Chair,Furniture,18056.92,2,9000
2024-12-23,Desk,Furniture,71795.71,6,12000
2024-12-23,Monitor,Electronics,114738.4,8,15000
2024-12-24,Laptop,Electronics,377524.79,7,55000
2024-12-24,Smartphone,Electronics,31396.93,1,30000
2024-12-24,Headphones,Accessories,4745.82,2,2500
2024-12-24,Keyboard,Accessories,2939.17,2,1500
2024-12-24,Mouse,Accessories,2276.52,3,800
2024-12-24,Office Chair,Furniture,56820.59,7,9000
2024-12-24,Desk,Furniture,36732.91,3,12000
2024-12-24,Monitor,Electronics,41483.62,3,15000
2024-12-25,Laptop,Electronics,147611.72,3,55000
2024-12-25,Smartphone,Electronics,92714.73,3,30000
2024-12-25,Headphones,Accessories,2416.99,1,2500
2024-12-25,Keyboard,Accessories,8467.8,6,1500
2024-12-25,Mouse,Accessories,741.69,1,800
2024-12-25,Office Chair,Furniture,53928.99,6,9000
2024-12-25,Desk,Furniture,85554.68,7,12000
2024-12-25,Monitor,Electronics,14337.88,1,15000
2024-12-26,Laptop,Electronics,354564.76,6,55000
2024-12-26,Smartphone,Electronics,92411.56,3,30000
2024-12-26,Headphones,Accessories,19234.77,7,2500
2024-12-26,Keyboard,Accessories,1437.87,1,1500
2024-12-26,Mouse,Accessories,755.61,1,800
2024-12-26,Office Chair,Furniture,48139.46,5,9000
2024-12-26,Desk,Furniture,22884.95,2,12000
2024-12-26,Monitor,Electronics,92031.47,6,15000
2024-12-27,Laptop,Electronics,324178.78,6,55000
2024-12-27,Smartphone,Electronics,26987.34,1,30000
2024-12-27,Headphones,Accessories,21070.74,8,2500
2024-12-27,Keyboard,Accessories,3013.02,2,1500
2024-12-27,Mouse,Accessories,4075.82,5,800
2024-12-27,Office Chair,Furniture,43492.06,5,9000
2024-12-27,Desk,Furniture,84799.38,8,12000
2024-12-27,Monitor,Electronics,130468.22,8,15000
2024-12-28,Laptop,Electronics,412595.79,7,55000
2024-12-28,Smartphone,Electronics,141575.92,5,30000
2024-12-28,Headphones,Accessories,22922.7,10,2500
2024-12-28,Keyboard,Accessories,7872.63,5,1500
2024-12-28,Mouse,Accessories,5686.81,7,800
2024-12-28,Office Chair,Furniture,19667.15,2,9000
2024-12-28,Desk,Furniture,92703.89,7,12000
2024-12-28,Monitor,Electronics,31698.61,2,15000
2024-12-29,Laptop,Electronics,365339.24,7,55000
2024-12-29,Smartphone,Electronics,107017.56,4,30000
2024-12-29,Headphones,Accessories,17874.16,8,2500
2024-12-29,Keyboard,Accessories,11297.83,8,1500
2024-12-29,Mouse,Accessories,3509.68,4,800
2024-12-29,Office Chair,Furniture,19551.36,2,9000
2024-12-29,Desk,Furniture,87525.85,7,12000
2024-12-29,Monitor,Electronics,32964.43,2,15000
2024-12-30,Laptop,Electronics,58432.07,1,55000
2024-12-30,Smartphone,Electronics,62598.9,2,30000
2024-12-30,Headphones,Accessories,11629.07,5,2500
2024-12-30,Keyboard,Accessories,10801.13,8,1500
2024-12-30,Mouse,Accessories,4573.5,6,800
2024-12-30,Office Chair,Furniture,29503.15,3,9000
2024-12-30,Desk,Furniture,100415.75,8,12000
2024-12-30,Monitor,Electronics,28765.62,2,15000
2024-12-31,Laptop,Electronics,401003.75,8,55000
2024-12-31,Smartphone,Electronics,66699.02,2,30000
2024-12-31,Headphones,Accessories,5090.07,2,2500
2024-12-31,Keyboard,Accessories,3162.8,2,1500
2024-12-31,Mouse,Accessories,2291.82,3,800
2024-12-31,Office Chair,Furniture,16732.43,2,9000
2024-12-31,Desk,Furniture,63531.09,5,12000
2024-12-31,Monitor,Electronics,43901.43,3,15000
2025-01-01,Laptop,Electronics,207811.73,4,55000
2025-01-01,Smartphone,Electronics,231244.27,7,30000
2025-01-01,Headphones,Accessories,2422.14,1,2500
2025-01-01,Keyboard,Accessories,1436.54,1,1500
2025-01-01,Mouse,Accessories,2599.37,3,800
2025-01-01,Office Chair,Furniture,9340.67,1,9000
2025-01-01,Desk,Furniture,46579.31,4,12000
2025-01-01,Monitor,Electronics,48110.08,3,15000
2025-01-02,Laptop,Electronics,363509.17,7,55000
2025-01-02,Smartphone,Electronics,84568.46,3,30000
2025-01-02,Headphones,Accessories,10239.92,4,2500
2025-01-02,Keyboard,Accessories,4905.53,3,1500
2025-01-02,Mouse,Accessories,6172.82,7,800
2025-01-02,Office Chair,Furniture,68401.33,7,9000
2025-01-02,Desk,Furniture,22696.5,2,12000
2025-01-02,Monitor,Electronics,94110.97,6,15000
2025-01-03,Laptop,Electronics,417647.62,7,55000
2025-01-03,Smartphone,Electronics,172725.85,6,30000
2025-01-03,Headphones,Accessories,2601.61,1,2500
2025-01-03,Keyboard,Accessories,4511.42,3,1500
2025-01-03,Mouse,Accessories,2288.28,3,800
2025-01-03,Office Chair,Furniture,38612.7,4,9000
2025-01-03,Desk,Furniture,63448.81,6,12000
2025-01-03,Monitor,Electronics,49885.78,3,15000
2025-01-04,Laptop,Electronics,287055.07,5,55000
2025-01-04,Smartphone,Electronics,254505.13,8,30000
2025-01-04,Headphones,Accessories,8302.35,3,2500
2025-01-04,Keyboard,Accessories,9774.37,6,1500
2025-01-04,Mouse,Accessories,893.42,1,800
2025-01-04,Office Chair,Furniture,47613.36,5,9000
2025-01-04,Desk,Furniture,67720.0,6,12000
2025-01-04,Monitor,Electronics,46494.19,3,15000
2025-01-05,Laptop,Electronics,245539.9,5,55000
2025-01-05,Smartphone,Electronics,99924.6,3,30000
2025-01-05,Headphones,Accessories,13517.35,6,2500
2025-01-05,Keyboard,Accessories,11044.64,8,1500
2025-01-05,Mouse,Accessories,2501.75,3,800
2025-01-05,Office Chair,Furniture,8328.66,1,9000
2025-01-05,Desk,Furniture,48896.58,4,12000
2025-01-05,Monitor,Electronics,46126.58,3,15000
2025-01-06,Laptop,Electronics,176605.3,3,55000
2025-01-06,Smartphone,Electronics,94522.8,3,30000
2025-01-06,Headphones,Accessories,14648.01,6,2500
2025-01-06,Keyboard,Accessories,9369.39,6,1500
2025-01-06,Mouse,Accessories,4405.3,5,800
2025-01-06,Office Chair,Furniture,68734.71,7,9000
2025-01-06,Desk,Furniture,43537.04,4,12000
2025-01-06,Monitor,Electronics,28605.37,2,15000
2025-01-07,Laptop,Electronics,98045.99,2,55000
2025-01-07,Smartphone,Electronics,173511.19,6,30000
2025-01-07,Headphones,Accessories,5157.65,2,2500
2025-01-07,Keyboard,Accessories,9866.96,7,1500
2025-01-07,Mouse,Accessories,6088.52,7,800
2025-01-07,Office Chair,Furniture,19190.18,2,9000
2025-01-07,Desk,Furniture,54805.26,5,12000
2025-01-07,Monitor,Electronics,98888.72,6,15000
2025-01-08,Laptop,Electronics,306401.4,5,55000
2025-01-08,Smartphone,Electronics,169443.61,6,30000
2025-01-08,Headphones,Accessories,14438.73,6,2500
2025-01-08,Keyboard,Accessories,2760.57,2,1500
2025-01-08,Mouse,Accessories,6110.61,7,800
2025-01-08,Office Chair,Furniture,57282.95,7,9000
2025-01-08,Desk,Furniture,10958.51,1,12000
2025-01-08,Monitor,Electronics,42299.71,3,15000
2025-01-09,Laptop,Electronics,54356.72,1,55000
2025-01-09,Smartphone,Electronics,30686.64,1,30000
2025-01-09,Headphones,Accessories,12403.94,5,2500
2025-01-09,Keyboard,Accessories,8013.12,5,1500
2025-01-09,Mouse,Accessories,2627.55,3,800
2025-01-09,Office Chair,Furniture,18642.59,2,9000
2025-01-09,Desk,Furniture,10955.6,1,12000
2025-01-09,Monitor,Electronics,26731.65,2,15000
2025-01-10,Laptop,Electronics,220679.79,4,55000
2025-01-10,Smartphone,Electronics,63547.63,2,30000
2025-01-10,Headphones,Accessories,2797.44,1,2500
2025-01-10,Keyboard,Accessories,7067.29,5,1500
2025-01-10,Mouse,Accessories,2143.53,3,800
2025-01-10,Office Chair,Furniture,8824.38,1,9000
2025-01-10,Desk,Furniture,10863.57,1,12000
2025-01-10,Monitor,Electronics,49482.02,3,15000
2025-01-11,Laptop,Electronics,349189.54,6,55000
2025-01-11,Smartphone,Electronics,254564.08,8,30000
2025-01-11,Headphones,Accessories,6721.69,3,2500
2025-01-11,Keyboard,Accessories,3160.4,2,1500
2025-01-11,Mouse,Accessories,6293.3,8,800
2025-01-11,Office Chair,Furniture,36107.07,4,9000
2025-01-11,Desk,Furniture,21540.5,2,12000
2025-01-11,Monitor,Electronics,46310.37,3,15000
2025-01-12,Laptop,Electronics,205981.57,4,55000
2025-01-12,Smartphone,Electronics,213250.0,8,30000
2025-01-12,Headphones,Accessories,13588.9,6,2500
2025-01-12,Keyboard,Accessories,2678.76,2,1500
2025-01-12,Mouse,Accessories,1513.41,2,800
2025-01-12,Office Chair,Furniture,8766.31,1,9000
2025-01-12,Desk,Furniture,23724.69,2,12000
2025-01-12,Monitor,Electronics,14799.06,1,15000
2025-01-13,Laptop,Electronics,414112.66,7,55000
2025-01-13,Smartphone,Electronics,32602.41,1,30000
2025-01-13,Headphones,Accessories,18220.67,7,2500
2025-01-13,Keyboard,Accessories,9600.58,6,1500
2025-01-13,Mouse,Accessories,1422.48,2,800
2025-01-13,Office Chair,Furniture,62746.47,7,9000
2025-01-13,Desk,Furniture,24359.59,2,12000
2025-01-13,Monitor,Electronics,84569.87,6,15000
2025-01-14,Laptop,Electronics,60101.83,1,55000
2025-01-14,Smartphone,Electronics,32574.22,1,30000
2025-01-14,Headphones,Accessories,7080.74,3,2500
2025-01-14,Keyboard,Accessories,2888.82,2,1500
2025-01-14,Mouse,Accessories,2299.71,3,800
2025-01-14,Office Chair,Furniture,16854.14,2,9000
2025-01-14,Desk,Furniture,31837.9,3,12000
2025-01-14,Monitor,Electronics,64716.34,4,15000
2025-01-15,Laptop,Electronics,368957.62,6,55000
2025-01-15,Smartphone,Electronics,168818.34,6,30000
2025-01-15,Headphones,Accessories,16176.67,7,2500
2025-01-15,Keyboard,Accessories,9119.99,6,1500
2025-01-15,Mouse,Accessories,5228.95,7,800
2025-01-15,Office Chair,Furniture,52404.19,6,9000
2025-01-15,Desk,Furniture,80251.14,6,12000
2025-01-15,Monitor,Electronics,89847.87,6,15000
2025-01-16,Laptop,Electronics,55488.95,1,55000
2025-01-16,Smartphone,Electronics,33264.5,1,30000
2025-01-16,Headphones,Accessories,4757.18,2,2500
2025-01-16,Keyboard,Accessories,1433.27,1,1500
2025-01-16,Mouse,Accessories,5148.8,7,800
2025-01-16,Office Chair,Furniture,59388.87,6,9000
2025-01-16,Desk,Furniture,37165.59,3,12000
2025-01-16,Monitor,Electronics,43123.85,3,15000
2025-01-17,Laptop,Electronics,120808.94,2,55000
2025-01-17,Smartphone,Electronics,133538.63,5,30000
2025-01-17,Headphones,Accessories,12633.89,5,2500
2025-01-17,Keyboard,Accessories,6909.38,5,1500
2025-01-17,Mouse,Accessories,751.42,1,800
2025-01-17,Office Chair,Furniture,41101.22,5,9000
2025-01-17,Desk,Furniture,39058.07,3,12000
2025-01-17,Monitor,Electronics,30084.82,2,15000
2025-01-18,Laptop,Electronics,59440.76,1,55000
2025-01-18,Smartphone,Electronics,79510.63,3,30000
2025-01-18,Headphones,Accessories,8198.74,3,2500
2025-01-18,Keyboard,Accessories,6152.53,4,1500
2025-01-18,Mouse,Accessories,3037.93,4,800
2025-01-18,Office Chair,Furniture,59864.62,6,9000
2025-01-18,Desk,Furniture,72769.92,6,12000
2025-01-18,Monitor,Electronics,122655.98,8,15000
2025-01-19,Laptop,Electronics,101223.76,2,55000
2025-01-19,Smartphone,Electronics,148099.24,5,30000
2025-01-19,Headphones,Accessories,10711.46,4,2500
2025-01-19,Keyboard,Accessories,1552.39,1,1500
2025-01-19,Mouse,Accessories,4360.19,6,800
2025-01-19,Office Chair,Furniture,16217.77,2,9000
2025-01-19,Desk,Furniture,22390.13,2,12000
2025-01-19,Monitor,Electronics,13343.32,1,15000
2025-01-20,Laptop,Electronics,102341.3,2,55000
2025-01-20,Smartphone,Electronics,232863.08,7,30000
2025-01-20,Headphones,Accessories,5281.65,2,2500
2025-01-20,Keyboard,Accessories,5537.9,4,1500
2025-01-20,Mouse,Accessories,2657.92,3,800
2025-01-20,Office Chair,Furniture,45039.84,5,9000
2025-01-20,Desk,Furniture,21746.01,2,12000
2025-01-20,Monitor,Electronics,108030.08,7,15000
2025-01-21,Laptop,Electronics,328270.19,6,55000
2025-01-21,Smartphone,Electronics,92757.65,3,30000
2025-01-21,Headphones,Accessories,18059.71,7,2500
2025-01-21,Keyboard,Accessories,1657.7,1,1500
2025-01-21,Mouse,Accessories,5930.24,7,800
2025-01-21,Office Chair,Furniture,18541.87,2,9000
2025-01-21,Desk,Furniture,26442.66,2,12000
2025-01-21,Monitor,Electronics,14405.24,1,15000
2025-01-22,Laptop,Electronics,343575.36,6,55000
2025-01-22,Smartphone,Electronics,173777.38,6,30000
2025-01-22,Headphones,Accessories,18864.19,7,2500
2025-01-22,Keyboard,Accessories,9679.07,6,1500
2025-01-22,Mouse,Accessories,4502.6,6,800
2025-01-22,Office Chair,Furniture,8344.85,1,9000
2025-01-22,Desk,Furniture,87180.55,7,12000
2025-01-22,Monitor,Electronics,46542.19,3,15000
2025-01-23,Laptop,Electronics,55344.29,1,55000
2025-01-23,Smartphone,Electronics,193996.7,6,30000
2025-01-23,Headphones,Accessories,2315.9,1,2500
2025-01-23,Keyboard,Accessories,4825.01,3,1500
2025-01-23,Mouse,Accessories,1553.24,2,800
2025-01-23,Office Chair,Furniture,19657.51,2,9000
2025-01-23,Desk,Furniture,77938.81,7,12000
2025-01-23,Monitor,Electronics,53165.02,4,15000
2025-01-24,Laptop,Electronics,392002.61,7,55000
2025-01-24,Smartphone,Electronics,80404.0,3,30000
2025-01-24,Headphones,Accessories,12081.18,5,2500
2025-01-24,Keyboard,Accessories,7296.25,5,1500
2025-01-24,Mouse,Accessories,4043.67,5,800
2025-01-24,Office Chair,Furniture,51381.78,6,9000
2025-01-24,Desk,Furniture,11227.01,1,12000
2025-01-24,Monitor,Electronics,13221.77,1,15000
2025-01-25,Laptop,Electronics,51641.27,1,55000
2025-01-25,Smartphone,Electronics,28868.44,1,30000
2025-01-25,Headphones,Accessories,2297.02,1,2500
2025-01-25,Keyboard,Accessories,8364.52,6,1500
2025-01-25,Mouse,Accessories,2250.37,3,800
2025-01-25,Office Chair,Furniture,19660.95,2,9000
2025-01-25,Desk,Furniture,24199.06,2,12000
2025-01-25,Monitor,Electronics,31647.86,2,15000
2025-01-26,Laptop,Electronics,241990.63,4,55000
2025-01-26,Smartphone,Electronics,55698.2,2,30000
2025-01-26,Headphones,Accessories,15935.37,6,2500
2025-01-26,Keyboard,Accessories,10571.05,8,1500
2025-01-26,Mouse,Accessories,2537.05,3,800
2025-01-26,Office Chair,Furniture,78581.87,8,9000
2025-01-26,Desk,Furniture,11464.45,1,12000
2025-01-26,Monitor,Electronics,44622.39,3,15000
2025-01-27,Laptop,Electronics,299593.31,5,55000
2025-01-27,Smartphone,Electronics,66036.6,2,30000
2025-01-27,Headphones,Accessories,2614.85,1,2500
2025-01-27,Keyboard,Accessories,9996.95,6,1500
2025-01-27,Mouse,Accessories,1726.48,2,800
2025-01-27,Office Chair,Furniture,26038.69,3,9000
2025-01-27,Desk,Furniture,24308.5,2,12000
2025-01-27,Monitor,Electronics,63775.31,4,15000
2025-01-28,Laptop,Electronics,52520.93,1,55000
2025-01-28,Smartphone,Electronics,88567.8,3,30000
2025-01-28,Headphones,Accessories,18898.34,7,2500
2025-01-28,Keyboard,Accessories,6419.45,4,1500
2025-01-28,Mouse,Accessories,4941.94,6,800
2025-01-28,Office Chair,Furniture,54577.96,6,9000
2025-01-28,Desk,Furniture,63525.48,5,12000
2025-01-28,Monitor,Electronics,13384.55,1,15000
2025-01-29,Laptop,Electronics,98450.18,2,55000
2025-01-29,Smartphone,Electronics,61201.27,2,30000
2025-01-29,Headphones,Accessories,16899.33,7,2500
2025-01-29,Keyboard,Accessories,5548.44,4,1500
2025-01-29,Mouse,Accessories,746.07,1,800
2025-01-29,Office Chair,Furniture,16721.56,2,9000
2025-01-29,Desk,Furniture,83691.34,7,12000
2025-01-29,Monitor,Electronics,14937.36,1,15000
2025-01-30,Laptop,Electronics,348606.0,7,55000
2025-01-30,Smartphone,Electronics,126195.6,4,30000
2025-01-30,Headphones,Accessories,7703.67,3,2500
2025-01-30,Keyboard,Accessories,5964.14,4,1500
2025-01-30,Mouse,Accessories,3554.89,4,800
2025-01-30,Office Chair,Furniture,9447.72,1,9000
2025-01-30,Desk,Furniture,71079.43,6,12000
2025-01-30,Monitor,Electronics,30078.99,2,15000
2025-01-31,Laptop,Electronics,196439.69,4,55000
2025-01-31,Smartphone,Electronics,66872.89,2,30000
2025-01-31,Headphones,Accessories,16801.38,7,2500
2025-01-31,Keyboard,Accessories,1622.08,1,1500
2025-01-31,Mouse,Accessories,3382.91,4,800
2025-01-31,Office Chair,Furniture,37970.93,4,9000
2025-01-31,Desk,Furniture,35934.01,3,12000
2025-01-31,Monitor,Electronics,32559.97,2,15000
2025-02-01,Laptop,Electronics,335826.21,6,55000
2025-02-01,Smartphone,Electronics,66288.83,2,30000
2025-02-01,Headphones,Accessories,13446.39,6,2500
2025-02-01,Keyboard,Accessories,5451.91,4,1500
2025-02-01,Mouse,Accessories,3462.74,4,800
2025-02-01,Office Chair,Furniture,55261.17,6,9000
2025-02-01,Desk,Furniture,33336.6,3,12000
2025-02-01,Monitor,Electronics,43272.05,3,15000
2025-02-02,Laptop,Electronics,178915.67,3,55000
2025-02-02,Smartphone,Electronics,159964.74,5,30000
2025-02-02,Headphones,Accessories,7824.69,3,2500
2025-02-02,Keyboard,Accessories,11799.4,8,1500
2025-02-02,Mouse,Accessories,1692.11,2,800
2025-02-02,Office Chair,Furniture,45381.76,5,9000
2025-02-02,Desk,Furniture,87718.21,8,12000
2025-02-02,Monitor,Electronics,83773.71,6,15000
2025-02-03,Laptop,Electronics,291369.06,5,55000
2025-02-03,Smartphone,Electronics,30430.16,1,30000
2025-02-03,Headphones,Accessories,5200.31,2,2500
2025-02-03,Keyboard,Accessories,4290.77,3,1500
2025-02-03,Mouse,Accessories,5894.67,7,800
2025-02-03,Office Chair,Furniture,33346.4,4,9000
2025-02-03,Desk,Furniture,79139.51,7,12000
2025-02-03,Monitor,Electronics,16157.91,1,15000
2025-02-04,Laptop,Electronics,50001.2,1,55000
2025-02-04,Smartphone,Electronics,193459.91,6,30000
2025-02-04,Headphones,Accessories,2538.65,1,2500
2025-02-04,Keyboard,Accessories,5531.41,4,1500
2025-02-04,Mouse,Accessories,1553.82,2,800
2025-02-04,Office Chair,Furniture,59162.68,6,9000
2025-02-04,Desk,Furniture,25311.16,2,12000
2025-02-04,Monitor,Electronics,27274.19,2,15000
2025-02-05,Laptop,Electronics,112421.33,2,55000
2025-02-05,Smartphone,Electronics,156000.68,5,30000
2025-02-05,Headphones,Accessories,15504.01,7,2500
2025-02-05,Keyboard,Accessories,5985.29,4,1500
2025-02-05,Mouse,Accessories,1536.43,2,800
2025-02-05,Office Chair,Furniture,47462.53,5,9000
2025-02-05,Desk,Furniture,64394.51,5,12000
2025-02-05,Monitor,Electronics,54023.51,4,15000
2025-02-06,Laptop,Electronics,220353.01,4,55000
2025-02-06,Smartphone,Electronics,190798.0,6,30000
2025-02-06,Headphones,Accessories,15209.42,6,2500
2025-02-06,Keyboard,Accessories,2690.2,2,1500
2025-02-06,Mouse,Accessories,3524.59,4,800
2025-02-06,Office Chair,Furniture,59792.74,7,9000
2025-02-06,Desk,Furniture,25365.88,2,12000
2025-02-06,Monitor,Electronics,97829.78,6,15000
2025-02-07,Laptop,Electronics,317036.81,6,55000
2025-02-07,Smartphone,Electronics,186863.07,7,30000
2025-02-07,Headphones,Accessories,15190.13,6,2500
2025-02-07,Keyboard,Accessories,2685.44,2,1500
2025-02-07,Mouse,Accessories,2161.19,3,800
2025-02-07,Office Chair,Furniture,45194.51,5,9000
2025-02-07,Desk,Furniture,56851.45,5,12000
2025-02-07,Monitor,Electronics,104584.15,7,15000
2025-02-08,Laptop,Electronics,176206.81,3,55000
2025-02-08,Smartphone,Electronics,108657.42,4,30000
2025-02-08,Headphones,Accessories,9375.57,4,2500
2025-02-08,Keyboard,Accessories,4235.78,3,1500
2025-02-08,Mouse,Accessories,851.6,1,800
2025-02-08,Office Chair,Furniture,18331.81,2,9000
2025-02-08,Desk,Furniture,38522.32,3,12000
2025-02-08,Monitor,Electronics,13389.88,1,15000
2025-02-09,Laptop,Electronics,320724.35,6,55000
2025-02-09,Smartphone,Electronics,213800.72,8,30000
2025-02-09,Headphones,Accessories,2706.4,1,2500
2025-02-09,Keyboard,Accessories,2712.41,2,1500
2025-02-09,Mouse,Accessories,3558.33,5,800
2025-02-09,Office Chair,Furniture,29337.98,3,9000
2025-02-09,Desk,Furniture,61021.06,5,12000
2025-02-09,Monitor,Electronics,86764.29,6,15000
2025-02-10,Laptop,Electronics,300397.32,5,55000
2025-02-10,Smartphone,Electronics,135581.81,5,30000
2025-02-10,Headphones,Accessories,11183.84,4,2500
2025-02-10,Keyboard,Accessories,3338.45,2,1500
2025-02-10,Mouse,Accessories,3212.77,4,800
2025-02-10,Office Chair,Furniture,47169.35,5,9000
2025-02-10,Desk,Furniture,52011.05,4,12000
2025-02-10,Monitor,Electronics,29680.68,2,15000
2025-02-11,Laptop,Electronics,153177.97,3,55000
2025-02-11,Smartphone,Electronics,85289.44,3,30000
2025-02-11,Headphones,Accessories,2257.38,1,2500
2025-02-11,Keyboard,Accessories,2680.48,2,1500
2025-02-11,Mouse,Accessories,1758.52,2,800
2025-02-11,Office Chair,Furniture,41377.67,5,9000
2025-02-11,Desk,Furniture,67675.58,6,12000
2025-02-11,Monitor,Electronics,69965.74,5,15000
2025-02-12,Laptop,Electronics,149253.74,3,55000
2025-02-12,Smartphone,Electronics,189818.82,7,30000
2025-02-12,Headphones,Accessories,7938.18,3,2500
2025-02-12,Keyboard,Accessories,2911.43,2,1500
2025-02-12,Mouse,Accessories,5024.55,6,800
2025-02-12,Office Chair,Furniture,65768.69,7,9000
2025-02-12,Desk,Furniture,26021.48,2,12000
2025-02-12,Monitor,Electronics,54616.06,4,15000
2025-02-13,Laptop,Electronics,351094.7,6,55000
2025-02-13,Smartphone,Electronics,229143.82,7,30000
2025-02-13,Headphones,Accessories,11575.87,5,2500
2025-02-13,Keyboard,Accessories,6177.85,4,1500
2025-02-13,Mouse,Accessories,3823.57,5,800
2025-02-13,Office Chair,Furniture,58491.14,7,9000
2025-02-13,Desk,Furniture,87422.25,7,12000
2025-02-13,Monitor,Electronics,62540.14,4,15000
2025-02-14,Laptop,Electronics,396594.17,7,55000
2025-02-14,Smartphone,Electronics,127385.79,4,30000
2025-02-14,Headphones,Accessories,2325.42,1,2500
2025-02-14,Keyboard,Accessories,6167.94,4,1500
2025-02-14,Mouse,Accessories,4475.69,5,800
2025-02-14,Office Chair,Furniture,44660.42,5,9000
2025-02-14,Desk,Furniture,59176.74,5,12000
2025-02-14,Monitor,Electronics,97669.25,7,15000
2025-02-15,Laptop,Electronics,487741.3,8,55000
2025-02-15,Smartphone,Electronics,191623.44,6,30000
2025-02-15,Headphones,Accessories,10812.66,4,2500
2025-02-15,Keyboard,Accessories,10620.51,8,1500
2025-02-15,Mouse,Accessories,705.69,1,800
2025-02-15,Office Chair,Furniture,19367.95,2,9000
2025-02-15,Desk,Furniture,10809.71,1,12000
2025-02-15,Monitor,Electronics,58603.65,4,15000
2025-02-16,Laptop,Electronics,214084.96,4,55000
2025-02-16,Smartphone,Electronics,82087.83,3,30000
2025-02-16,Headphones,Accessories,13872.95,6,2500
2025-02-16,Keyboard,Accessories,13271.04,8,1500
2025-02-16,Mouse,Accessories,1547.55,2,800
2025-02-16,Office Chair,Furniture,17691.74,2,9000
2025-02-16,Desk,Furniture,57583.28,5,12000
2025-02-16,Monitor,Electronics,15955.14,1,15000
2025-02-17,Laptop,Electronics,153310.18,3,55000
2025-02-17,Smartphone,Electronics,28096.24,1,30000
2025-02-17,Headphones,Accessories,15667.94,7,2500
2025-02-17,Keyboard,Accessories,4221.64,3,1500
2025-02-17,Mouse,Accessories,1524.92,2,800
2025-02-17,Office Chair,Furniture,39616.03,4,9000
2025-02-17,Desk,Furniture,53490.64,4,12000
2025-02-17,Monitor,Electronics,56241.81,4,15000
2025-02-18,Laptop,Electronics,270679.04,5,55000
2025-02-18,Smartphone,Electronics,162618.15,5,30000
2025-02-18,Headphones,Accessories,8305.84,3,2500
2025-02-18,Keyboard,Accessories,10887.04,7,1500
2025-02-18,Mouse,Accessories,1698.38,2,800
2025-02-18,Office Chair,Furniture,35906.92,4,9000
2025-02-18,Desk,Furniture,82882.6,7,12000
2025-02-18,Monitor,Electronics,99750.67,7,15000
2025-02-19,Laptop,Electronics,205764.41,4,55000
2025-02-19,Smartphone,Electronics,59630.04,2,30000
2025-02-19,Headphones,Accessories,18187.72,7,2500
2025-02-19,Keyboard,Accessories,1463.99,1,1500
2025-02-19,Mouse,Accessories,2610.57,3,800
2025-02-19,Office Chair,Furniture,58981.09,6,9000
2025-02-19,Desk,Furniture,74255.88,7,12000
2025-02-19,Monitor,Electronics,93558.37,6,15000
2025-02-20,Laptop,Electronics,296536.65,6,55000
2025-02-20,Smartphone,Electronics,88071.8,3,30000
2025-02-20,Headphones,Accessories,16476.93,7,2500
2025-02-20,Keyboard,Accessories,1569.02,1,1500
2025-02-20,Mouse,Accessories,5999.7,7,800
2025-02-20,Office Chair,Furniture,61007.94,7,9000
2025-02-20,Desk,Furniture,36125.19,3,12000
2025-02-20,Monitor,Electronics,115330.24,7,15000
2025-02-21,Laptop,Electronics,212593.21,4,55000
2025-02-21,Smartphone,Electronics,32144.19,1,30000
2025-02-21,Headphones,Accessories,17262.97,7,2500
2025-02-21,Keyboard,Accessories,8753.87,6,1500
2025-02-21,Mouse,Accessories,3397.32,4,800
2025-02-21,Office Chair,Furniture,8099.76,1,9000
2025-02-21,Desk,Furniture,13430.81,1,12000
2025-02-21,Monitor,Electronics,53790.06,4,15000
2025-02-22,Laptop,Electronics,390411.92,8,55000
2025-02-22,Smartphone,Electronics,130879.18,4,30000
2025-02-22,Headphones,Accessories,18659.42,8,2500
2025-02-22,Keyboard,Accessories,9124.61,6,1500
2025-02-22,Mouse,Accessories,6895.67,8,800
2025-02-22,Office Chair,Furniture,43938.33,5,9000
2025-02-22,Desk,Furniture,11911.89,1,12000
2025-02-22,Monitor,Electronics,77715.0,5,15000
2025-02-23,Laptop,Electronics,254716.64,5,55000
2025-02-23,Smartphone,Electronics,180569.8,6,30000
2025-02-23,Headphones,Accessories,10672.12,4,2500
2025-02-23,Keyboard,Accessories,6962.53,5,1500
2025-02-23,Mouse,Accessories,735.91,1,800
2025-02-23,Office Chair,Furniture,34927.37,4,9000
2025-02-23,Desk,Furniture,23095.83,2,12000
2025-02-23,Monitor,Electronics,29688.46,2,15000
2025-02-24,Laptop,Electronics,50764.96,1,55000
2025-02-24,Smartphone,Electronics,148208.51,5,30000
2025-02-24,Headphones,Accessories,5251.61,2,2500
2025-02-24,Keyboard,Accessories,6296.09,4,1500
2025-02-24,Mouse,Accessories,3612.83,5,800
2025-02-24,Office Chair,Furniture,39986.62,4,9000
2025-02-24,Desk,Furniture,66544.73,6,12000
2025-02-24,Monitor,Electronics,67425.84,5,15000
2025-02-25,Laptop,Electronics,58623.21,1,55000
2025-02-25,Smartphone,Electronics,27759.32,1,30000
2025-02-25,Headphones,Accessories,10254.15,4,2500
2025-02-25,Keyboard,Accessories,8907.25,6,1500
2025-02-25,Mouse,Accessories,2563.3,3,800
2025-02-25,Office Chair,Furniture,8161.78,1,9000
2025-02-25,Desk,Furniture,12197.08,1,12000
2025-02-25,Monitor,Electronics,45383.86,3,15000
2025-02-26,Laptop,Electronics,103423.06,2,55000
2025-02-26,Smartphone,Electronics,229526.2,7,30000
2025-02-26,Headphones,Accessories,2671.11,1,2500
2025-02-26,Keyboard,Accessories,4624.28,3,1500
2025-02-26,Mouse,Accessories,5004.93,7,800
2025-02-26,Office Chair,Furniture,54116.11,6,9000
2025-02-26,Desk,Furniture,48544.95,4,12000
2025-02-26,Monitor,Electronics,16651.94,1,15000
2025-02-27,Laptop,Electronics,280268.75,5,55000
2025-02-27,Smartphone,Electronics,199532.62,6,30000
2025-02-27,Headphones,Accessories,7328.94,3,2500
2025-02-27,Keyboard,Accessories,1531.55,1,1500
2025-02-27,Mouse,Accessories,1630.16,2,800
2025-02-27,Office Chair,Furniture,8886.71,1,9000
2025-02-27,Desk,Furniture,11825.94,1,12000
2025-02-27,Monitor,Electronics,80580.26,6,15000
2025-02-28,Laptop,Electronics,210308.94,4,55000
2025-02-28,Smartphone,Electronics,163308.53,5,30000
2025-02-28,Headphones,Accessories,18394.11,7,2500
2025-02-28,Keyboard,Accessories,8643.34,6,1500
2025-02-28,Mouse,Accessories,3853.3,5,800
2025-02-28,Office Chair,Furniture,7933.36,1,9000
2025-02-28,Desk,Furniture,26520.81,2,12000
2025-02-28,Monitor,Electronics,106768.58,7,15000
2025-03-01,Laptop,Electronics,122163.7,2,55000
2025-03-01,Smartphone,Electronics,128300.19,4,30000
2025-03-01,Headphones,Accessories,7063.74,3,2500
2025-03-01,Keyboard,Accessories,12542.41,8,1500
2025-03-01,Mouse,Accessories,2534.3,3,800
2025-03-01,Office Chair,Furniture,78344.82,8,9000
2025-03-01,Desk,Furniture,72660.44,6,12000
2025-03-01,Monitor,Electronics,16377.42,1,15000
2025-03-02,Laptop,Electronics,245676.65,5,55000
2025-03-02,Smartphone,Electronics,32543.88,1,30000
2025-03-02,Headphones,Accessories,10828.03,4,2500
2025-03-02,Keyboard,Accessories,7009.07,5,1500
2025-03-02,Mouse,Accessories,2171.76,3,800
2025-03-02,Office Chair,Furniture,45163.8,5,9000
2025-03-02,Desk,Furniture,12483.85,1,12000
2025-03-02,Monitor,Electronics,29071.01,2,15000
2025-03-03,Laptop,Electronics,151950.32,3,55000
2025-03-03,Smartphone,Electronics,32849.23,1,30000
2025-03-03,Headphones,Accessories,9375.15,4,2500
2025-03-03,Keyboard,Accessories,5977.21,4,1500
2025-03-03,Mouse,Accessories,4013.31,5,800
2025-03-03,Office Chair,Furniture,25976.61,3,9000
2025-03-03,Desk,Furniture,50367.25,4,12000
2025-03-03,Monitor,Electronics,70038.89,5,15000
2025-03-04,Laptop,Electronics,51515.16,1,55000
2025-03-04,Smartphone,Electronics,79396.28,3,30000
2025-03-04,Headphones,Accessories,13855.43,6,2500
2025-03-04,Keyboard,Accessories,8882.32,6,1500
2025-03-04,Mouse,Accessories,4315.71,6,800
2025-03-04,Office Chair,Furniture,39140.05,4,9000
2025-03-04,Desk,Furniture,91510.0,7,12000
2025-03-04,Monitor,Electronics,32649.45,2,15000
2025-03-05,Laptop,Electronics,363725.53,6,55000
2025-03-05,Smartphone,Electronics,58157.43,2,30000
2025-03-05,Headphones,Accessories,4557.69,2,2500
2025-03-05,Keyboard,Accessories,4386.04,3,1500
2025-03-05,Mouse,Accessories,2525.66,3,800
2025-03-05,Office Chair,Furniture,64505.91,7,9000
2025-03-05,Desk,Furniture,22546.36,2,12000
2025-03-05,Monitor,Electronics,62737.77,4,15000
2025-03-06,Laptop,Electronics,428115.89,7,55000
2025-03-06,Smartphone,Electronics,32800.89,1,30000
2025-03-06,Headphones,Accessories,5031.31,2,2500
2025-03-06,Keyboard,Accessories,8496.23,6,1500
2025-03-06,Mouse,Accessories,2992.89,4,800
2025-03-06,Office Chair,Furniture,56185.33,7,9000
2025-03-06,Desk,Furniture,11578.0,1,12000
2025-03-06,Monitor,Electronics,13372.49,1,15000
2025-03-07,Laptop,Electronics,105267.37,2,55000
2025-03-07,Smartphone,Electronics,52897.87,2,30000
2025-03-07,Headphones,Accessories,11139.77,4,2500
2025-03-07,Keyboard,Accessories,3201.14,2,1500
2025-03-07,Mouse,Accessories,5702.88,7,800
2025-03-07,Office Chair,Furniture,19236.95,2,9000
2025-03-07,Desk,Furniture,87654.65,7,12000
2025-03-07,Monitor,Electronics,113818.65,7,15000
2025-03-08,Laptop,Electronics,148707.7,3,55000
2025-03-08,Smartphone,Electronics,211647.36,8,30000
2025-03-08,Headphones,Accessories,5115.37,2,2500
2025-03-08,Keyboard,Accessories,2840.35,2,1500
2025-03-08,Mouse,Accessories,1731.18,2,800
2025-03-08,Office Chair,Furniture,58079.73,6,9000
2025-03-08,Desk,Furniture,59428.74,5,12000
2025-03-08,Monitor,Electronics,49728.52,3,15000
2025-03-09,Laptop,Electronics,365901.93,6,55000
2025-03-09,Smartphone,Electronics,80688.84,3,30000
2025-03-09,Headphones,Accessories,12043.47,5,2500
2025-03-09,Keyboard,Accessories,11291.48,8,1500
2025-03-09,Mouse,Accessories,1456.25,2,800
2025-03-09,Office Chair,Furniture,75721.49,8,9000
2025-03-09,Desk,Furniture,44700.01,4,12000
2025-03-09,Monitor,Electronics,79003.4,5,15000
2025-03-10,Laptop,Electronics,51270.38,1,55000
2025-03-10,Smartphone,Electronics,82209.3,3,30000
2025-03-10,Headphones,Accessories,16715.24,6,2500
2025-03-10,Keyboard,Accessories,4411.81,3,1500
2025-03-10,Mouse,Accessories,3001.59,4,800
2025-03-10,Office Chair,Furniture,52168.25,6,9000
2025-03-10,Desk,Furniture,47219.3,4,12000
2025-03-10,Monitor,Electronics,81449.81,5,15000
2025-03-11,Laptop,Electronics,291397.63,6,55000
2025-03-11,Smartphone,Electronics,188088.52,6,30000
2025-03-11,Headphones,Accessories,2236.54,1,2500
2025-03-11,Keyboard,Accessories,1677.46,1,1500
2025-03-11,Mouse,Accessories,3912.82,5,800
2025-03-11,Office Chair,Furniture,33200.85,4,9000
2025-03-11,Desk,Furniture,38300.36,3,12000
2025-03-11,Monitor,Electronics,95853.73,7,15000
2025-03-12,Laptop,Electronics,156839.1,3,55000
2025-03-12,Smartphone,Electronics,66968.25,2,30000
2025-03-12,Headphones,Accessories,13078.76,5,2500
2025-03-12,Keyboard,Accessories,9372.49,7,1500
2025-03-12,Mouse,Accessories,831.17,1,800
2025-03-12,Office Chair,Furniture,36271.98,4,9000
2025-03-12,Desk,Furniture,22020.65,2,12000
2025-03-12,Monitor,Electronics,91474.6,6,15000
2025-03-13,Laptop,Electronics,242137.05,5,55000
2025-03-13,Smartphone,Electronics,150658.07,5,30000
2025-03-13,Headphones,Accessories,16400.4,6,2500
2025-03-13,Keyboard,Accessories,3094.84,2,1500
2025-03-13,Mouse,Accessories,1578.74,2,800
2025-03-13,Office Chair,Furniture,58960.82,7,9000
2025-03-13,Desk,Furniture,79896.33,7,12000
2025-03-13,Monitor,Electronics,83126.09,6,15000
2025-03-14,Laptop,Electronics,210644.36,4,55000
2025-03-14,Smartphone,Electronics,59224.85,2,30000
2025-03-14,Headphones,Accessories,9119.88,4,2500
2025-03-14,Keyboard,Accessories,1483.83,1,1500
2025-03-14,Mouse,Accessories,5039.18,6,800
2025-03-14,Office Chair,Furniture,27784.77,3,9000
2025-03-14,Desk,Furniture,77321.5,6,12000
2025-03-14,Monitor,Electronics,92773.59,6,15000
2025-03-15,Laptop,Electronics,455196.68,8,55000
2025-03-15,Smartphone,Electronics,149983.74,5,30000
2025-03-15,Headphones,Accessories,2587.84,1,2500
2025-03-15,Keyboard,Accessories,9662.63,6,1500
2025-03-15,Mouse,Accessories,3553.0,5,800
2025-03-15,Office Chair,Furniture,48625.08,6,9000
2025-03-15,Desk,Furniture,59064.21,5,12000
2025-03-15,Monitor,Electronics,114140.28,8,15000
2025-03-16,Laptop,Electronics,401288.77,8,55000
2025-03-16,Smartphone,Electronics,128496.33,4,30000
2025-03-16,Headphones,Accessories,2261.93,1,2500
2025-03-16,Keyboard,Accessories,8234.31,6,1500
2025-03-16,Mouse,Accessories,3218.58,4,800
2025-03-16,Office Chair,Furniture,44646.42,5,9000
2025-03-16,Desk,Furniture,39548.15,3,12000
2025-03-16,Monitor,Electronics,65299.19,4,15000
2025-03-17,Laptop,Electronics,290991.72,5,55000
2025-03-17,Smartphone,Electronics,134710.03,5,30000
2025-03-17,Headphones,Accessories,5145.82,2,2500
2025-03-17,Keyboard,Accessories,2825.39,2,1500
2025-03-17,Mouse,Accessories,1753.37,2,800
2025-03-17,Office Chair,Furniture,26255.18,3,9000
2025-03-17,Desk,Furniture,90474.23,7,12000
2025-03-17,Monitor,Electronics,81029.53,5,15000
2025-03-18,Laptop,Electronics,110184.79,2,55000
2025-03-18,Smartphone,Electronics,95095.88,3,30000
2025-03-18,Headphones,Accessories,13574.62,5,2500
2025-03-18,Keyboard,Accessories,2885.49,2,1500
2025-03-18,Mouse,Accessories,3172.35,4,800
2025-03-18,Office Chair,Furniture,49651.26,5,9000
2025-03-18,Desk,Furniture,13434.82,1,12000
2025-03-18,Monitor,Electronics,47433.53,3,15000
2025-03-19,Laptop,Electronics,268921.13,5,55000
2025-03-19,Smartphone,Electronics,200546.0,6,30000
2025-03-19,Headphones,Accessories,6765.2,3,2500
2025-03-19,Keyboard,Accessories,10868.7,7,1500
2025-03-19,Mouse,Accessories,802.73,1,800
2025-03-19,Office Chair,Furniture,27973.21,3,9000
2025-03-19,Desk,Furniture,89400.39,7,12000
2025-03-19,Monitor,Electronics,44342.61,3,15000
2025-03-20,Laptop,Electronics,153621.51,3,55000
2025-03-20,Smartphone,Electronics,64700.02,2,30000
2025-03-20,Headphones,Accessories,10222.47,4,2500
2025-03-20,Keyboard,Accessories,2679.67,2,1500
2025-03-20,Mouse,Accessories,1586.03,2,800
2025-03-20,Office Chair,Furniture,59554.08,6,9000
2025-03-20,Desk,Furniture,22704.98,2,12000
2025-03-20,Monitor,Electronics,60364.58,4,15000
2025-03-21,Laptop,Electronics,52864.65,1,55000
2025-03-21,Smartphone,Electronics,33463.52,1,30000
2025-03-21,Headphones,Accessories,12065.85,5,2500
2025-03-21,Keyboard,Accessories,7949.18,5,1500
2025-03-21,Mouse,Accessories,1682.68,2,800
2025-03-21,Office Chair,Furniture,32173.3,4,9000
2025-03-21,Desk,Furniture,54603.62,5,12000
2025-03-21,Monitor,Electronics,40707.32,3,15000
2025-03-22,Laptop,Electronics,251219.7,5,55000
2025-03-22,Smartphone,Electronics,262511.93,8,30000
2025-03-22,Headphones,Accessories,19971.1,8,2500
2025-03-22,Keyboard,Accessories,3122.95,2,1500
2025-03-22,Mouse,Accessories,4801.2,6,800
2025-03-22,Office Chair,Furniture,52980.06,6,9000
2025-03-22,Desk,Furniture,79562.79,6,12000
2025-03-22,Monitor,Electronics,15182.05,1,15000
2025-03-23,Laptop,Electronics,298468.8,6,55000
2025-03-23,Smartphone,Electronics,92830.67,3,30000
2025-03-23,Headphones,Accessories,13280.1,5,2500
2025-03-23,Keyboard,Accessories,6020.19,4,1500
2025-03-23,Mouse,Accessories,4728.63,6,800
2025-03-23,Office Chair,Furniture,9058.43,1,9000
2025-03-23,Desk,Furniture,10823.1,1,12000
2025-03-23,Monitor,Electronics,31822.46,2,15000
2025-03-24,Laptop,Electronics,305177.94,6,55000
2025-03-24,Smartphone,Electronics,111055.97,4,30000
2025-03-24,Headphones,Accessories,11171.01,5,2500
2025-03-24,Keyboard,Accessories,10239.41,7,1500
2025-03-24,Mouse,Accessories,3536.8,5,800
2025-03-24,Office Chair,Furniture,32626.0,4,9000
2025-03-24,Desk,Furniture,90441.03,7,12000
2025-03-24,Monitor,Electronics,15148.91,1,15000
2025-03-25,Laptop,Electronics,56271.77,1,55000
2025-03-25,Smartphone,Electronics,132957.9,5,30000
2025-03-25,Headphones,Accessories,7068.73,3,2500
2025-03-25,Keyboard,Accessories,6116.29,4,1500
2025-03-25,Mouse,Accessories,5851.25,7,800
2025-03-25,Office Chair,Furniture,16729.41,2,9000
2025-03-25,Desk,Furniture,45509.35,4,12000
2025-03-25,Monitor,Electronics,27334.97,2,15000
2025-03-26,Laptop,Electronics,58421.95,1,55000
2025-03-26,Smartphone,Electronics,99995.02,3,30000
2025-03-26,Headphones,Accessories,5015.4,2,2500
2025-03-26,Keyboard,Accessories,1358.03,1,1500
2025-03-26,Mouse,Accessories,2458.9,3,800
2025-03-26,Office Chair,Furniture,18510.99,2,9000
2025-03-26,Desk,Furniture,21527.76,2,12000
2025-03-26,Monitor,Electronics,32408.1,2,15000
2025-03-27,Laptop,Electronics,229125.51,4,55000
2025-03-27,Smartphone,Electronics,130104.56,4,30000
2025-03-27,Headphones,Accessories,10337.07,4,2500
2025-03-27,Keyboard,Accessories,1475.52,1,1500
2025-03-27,Mouse,Accessories,3552.09,5,800
2025-03-27,Office Chair,Furniture,50240.54,6,9000
2025-03-27,Desk,Furniture,37833.58,3,12000
2025-03-27,Monitor,Electronics,41951.47,3,15000
2025-03-28,Laptop,Electronics,196138.57,4,55000
2025-03-28,Smartphone,Electronics,139621.72,5,30000
2025-03-28,Headphones,Accessories,19268.8,7,2500
2025-03-28,Keyboard,Accessories,5600.09,4,1500
2025-03-28,Mouse,Accessories,2484.05,3,800
2025-03-28,Office Chair,Furniture,59120.19,6,9000
2025-03-28,Desk,Furniture,87697.94,7,12000
2025-03-28,Monitor,Electronics,48593.09,3,15000
2025-03-29,Laptop,Electronics,104969.81,2,55000
2025-03-29,Smartphone,Electronics,99245.11,3,30000
2025-03-29,Headphones,Accessories,13952.27,5,2500
2025-03-29,Keyboard,Accessories,3348.43,2,1500
2025-03-29,Mouse,Accessories,772.07,1,800
2025-03-29,Office Chair,Furniture,77754.83,8,9000
2025-03-29,Desk,Furniture,105568.28,8,12000
2025-03-29,Monitor,Electronics,130907.9,8,15000
2025-03-30,Laptop,Electronics,49765.87,1,55000
2025-03-30,Smartphone,Electronics,223043.8,8,30000
2025-03-30,Headphones,Accessories,18410.0,8,2500
2025-03-30,Keyboard,Accessories,6065.76,4,1500
2025-03-30,Mouse,Accessories,4427.89,5,800
2025-03-30,Office Chair,Furniture,36180.45,4,9000
2025-03-30,Desk,Furniture,44409.25,4,12000
2025-03-30,Monitor,Electronics,81209.18,6,15000
2025-03-31,Laptop,Electronics,55984.49,1,55000
2025-03-31,Smartphone,Electronics,60190.95,2,30000
2025-03-31,Headphones,Accessories,11424.15,5,2500
2025-03-31,Keyboard,Accessories,8897.11,6,1500
2025-03-31,Mouse,Accessories,3709.3,5,800
2025-03-31,Office Chair,Furniture,45485.81,5,9000
2025-03-31,Desk,Furniture,52881.39,4,12000
2025-03-31,Monitor,Electronics,68968.81,5,15000
2025-04-01,Laptop,Electronics,53229.87,1,55000
2025-04-01,Smartphone,Electronics,62550.59,2,30000
2025-04-01,Headphones,Accessories,10308.96,4,2500
2025-04-01,Keyboard,Accessories,9498.98,7,1500
2025-04-01,Mouse,Accessories,1582.94,2,800
2025-04-01,Office Chair,Furniture,36600.46,4,9000
2025-04-01,Desk,Furniture,11783.38,1,12000
2025-04-01,Monitor,Electronics,13789.02,1,15000
2025-04-02,Laptop,Electronics,193961.19,4,55000
2025-04-02,Smartphone,Electronics,200734.08,6,30000
2025-04-02,Headphones,Accessories,7007.3,3,2500
2025-04-02,Keyboard,Accessories,2815.4,2,1500
2025-04-02,Mouse,Accessories,3027.22,4,800
2025-04-02,Office Chair,Furniture,9606.31,1,9000
2025-04-02,Desk,Furniture,64566.34,5,12000
2025-04-02,Monitor,Electronics,61881.15,4,15000
2025-04-03,Laptop,Electronics,358919.98,7,55000
2025-04-03,Smartphone,Electronics,114538.68,4,30000
2025-04-03,Headphones,Accessories,2259.01,1,2500
2025-04-03,Keyboard,Accessories,3317.16,2,1500
2025-04-03,Mouse,Accessories,4359.75,5,800
2025-04-03,Office Chair,Furniture,9268.08,1,9000
2025-04-03,Desk,Furniture,43015.12,4,12000
2025-04-03,Monitor,Electronics,14177.15,1,15000
2025-04-04,Laptop,Electronics,283789.79,5,55000
2025-04-04,Smartphone,Electronics,173499.39,6,30000
2025-04-04,Headphones,Accessories,15789.8,6,2500
2025-04-04,Keyboard,Accessories,7825.01,5,1500
2025-04-04,Mouse,Accessories,3297.35,4,800
2025-04-04,Office Chair,Furniture,8126.41,1,9000
2025-04-04,Desk,Furniture,78658.23,7,12000
2025-04-04,Monitor,Electronics,100363.76,6,15000
2025-04-05,Laptop,Electronics,112535.55,2,55000
2025-04-05,Smartphone,Electronics,159130.63,6,30000
2025-04-05,Headphones,Accessories,5495.13,2,2500
2025-04-05,Keyboard,Accessories,6460.33,4,1500
2025-04-05,Mouse,Accessories,858.66,1,800
2025-04-05,Office Chair,Furniture,42463.84,5,9000
2025-04-05,Desk,Furniture,75091.17,6,12000
2025-04-05,Monitor,Electronics,65987.73,4,15000
2025-04-06,Laptop,Electronics,234257.12,4,55000
2025-04-06,Smartphone,Electronics,136886.85,5,30000
2025-04-06,Headphones,Accessories,19252.68,8,2500
2025-04-06,Keyboard,Accessories,2757.88,2,1500
2025-04-06,Mouse,Accessories,4825.04,6,800
2025-04-06,Office Chair,Furniture,17013.82,2,9000
2025-04-06,Desk,Furniture,33440.45,3,12000
2025-04-06,Monitor,Electronics,67591.15,5,15000
2025-04-07,Laptop,Electronics,107345.01,2,55000
2025-04-07,Smartphone,Electronics,92801.17,3,30000
2025-04-07,Headphones,Accessories,2625.38,1,2500
2025-04-07,Keyboard,Accessories,11725.17,7,1500
2025-04-07,Mouse,Accessories,5001.04,7,800
2025-04-07,Office Chair,Furniture,16142.7,2,9000
2025-04-07,Desk,Furniture,12454.89,1,12000
2025-04-07,Monitor,Electronics,107035.37,7,15000
2025-04-08,Laptop,Electronics,103233.9,2,55000
2025-04-08,Smartphone,Electronics,162346.04,5,30000
2025-04-08,Headphones,Accessories,4475.82,2,2500
2025-04-08,Keyboard,Accessories,3166.95,2,1500
2025-04-08,Mouse,Accessories,2319.82,3,800
2025-04-08,Office Chair,Furniture,18593.15,2,9000
2025-04-08,Desk,Furniture,76496.69,7,12000
2025-04-08,Monitor,Electronics,90751.67,6,15000
2025-04-09,Laptop,Electronics,244270.61,5,55000
2025-04-09,Smartphone,Electronics,32275.61,1,30000
2025-04-09,Headphones,Accessories,12034.31,5,2500
2025-04-09,Keyboard,Accessories,6137.4,4,1500
2025-04-09,Mouse,Accessories,1720.43,2,800
2025-04-09,Office Chair,Furniture,36901.19,4,9000
2025-04-09,Desk,Furniture,92269.97,7,12000
2025-04-09,Monitor,Electronics,27439.05,2,15000
2025-04-10,Laptop,Electronics,194480.26,4,55000
2025-04-10,Smartphone,Electronics,170372.64,6,30000
2025-04-10,Headphones,Accessories,13961.42,6,2500
2025-04-10,Keyboard,Accessories,9675.35,7,1500
2025-04-10,Mouse,Accessories,4806.96,6,800
2025-04-10,Office Chair,Furniture,9991.62,1,9000
2025-04-10,Desk,Furniture,39037.66,3,12000
2025-04-10,Monitor,Electronics,15591.62,1,15000
2025-04-11,Laptop,Electronics,175389.5,3,55000
2025-04-11,Smartphone,Electronics,79386.17,3,30000
2025-04-11,Headphones,Accessories,4922.35,2,2500
2025-04-11,Keyboard,Accessories,4519.46,3,1500
2025-04-11,Mouse,Accessories,1696.21,2,800
2025-04-11,Office Chair,Furniture,37884.11,4,9000
2025-04-11,Desk,Furniture,39265.73,3,12000
2025-04-11,Monitor,Electronics,14038.87,1,15000
2025-04-12,Laptop,Electronics,427634.56,8,55000
2025-04-12,Smartphone,Electronics,115729.54,4,30000
2025-04-12,Headphones,Accessories,5153.64,2,2500
2025-04-12,Keyboard,Accessories,7640.79,5,1500
2025-04-12,Mouse,Accessories,3767.97,5,800
2025-04-12,Office Chair,Furniture,39915.03,5,9000
2025-04-12,Desk,Furniture,35551.46,3,12000
2025-04-12,Monitor,Electronics,47172.36,3,15000
2025-04-13,Laptop,Electronics,283368.97,5,55000
2025-04-13,Smartphone,Electronics,167843.23,5,30000
2025-04-13,Headphones,Accessories,4929.8,2,2500
2025-04-13,Keyboard,Accessories,1523.71,1,1500
2025-04-13,Mouse,Accessories,870.84,1,800
2025-04-13,Office Chair,Furniture,17788.88,2,9000
2025-04-13,Desk,Furniture,24496.72,2,12000
2025-04-13,Monitor,Electronics,55569.35,4,15000
2025-04-14,Laptop,Electronics,358917.78,7,55000
2025-04-14,Smartphone,Electronics,65973.73,2,30000
2025-04-14,Headphones,Accessories,14867.52,6,2500
2025-04-14,Keyboard,Accessories,3023.8,2,1500
2025-04-14,Mouse,Accessories,2478.96,3,800
2025-04-14,Office Chair,Furniture,24598.39,3,9000
2025-04-14,Desk,Furniture,76932.63,7,12000
2025-04-14,Monitor,Electronics,15442.63,1,15000
2025-04-15,Laptop,Electronics,50797.53,1,55000
2025-04-15,Smartphone,Electronics,195911.71,7,30000
2025-04-15,Headphones,Accessories,17366.86,7,2500
2025-04-15,Keyboard,Accessories,1653.57,1,1500
2025-04-15,Mouse,Accessories,2649.18,3,800
2025-04-15,Office Chair,Furniture,27111.92,3,9000
2025-04-15,Desk,Furniture,74489.09,7,12000
2025-04-15,Monitor,Electronics,46797.2,3,15000
2025-04-16,Laptop,Electronics,57836.66,1,55000
2025-04-16,Smartphone,Electronics,66708.05,2,30000
2025-04-16,Headphones,Accessories,11109.31,4,2500
2025-04-16,Keyboard,Accessories,4225.09,3,1500
2025-04-16,Mouse,Accessories,4776.53,6,800
2025-04-16,Office Chair,Furniture,9374.59,1,9000
2025-04-16,Desk,Furniture,82239.59,7,12000
2025-04-16,Monitor,Electronics,53932.22,4,15000
2025-04-17,Laptop,Electronics,97451.29,2,55000
2025-04-17,Smartphone,Electronics,90719.46,3,30000
2025-04-17,Headphones,Accessories,7832.51,3,2500
2025-04-17,Keyboard,Accessories,9746.59,6,1500
2025-04-17,Mouse,Accessories,4271.88,6,800
2025-04-17,Office Chair,Furniture,58982.99,7,9000
2025-04-17,Desk,Furniture,34843.22,3,12000
2025-04-17,Monitor,Electronics,16676.2,1,15000
2025-04-18,Laptop,Electronics,158604.87,3,55000
2025-04-18,Smartphone,Electronics,235098.06,7,30000
2025-04-18,Headphones,Accessories,18866.85,7,2500
2025-04-18,Keyboard,Accessories,3345.79,2,1500
2025-04-18,Mouse,Accessories,1711.39,2,800
2025-04-18,Office Chair,Furniture,7988.07,1,9000
2025-04-18,Desk,Furniture,61764.68,5,12000
2025-04-18,Monitor,Electronics,32872.97,2,15000
2025-04-19,Laptop,Electronics,351362.73,6,55000
2025-04-19,Smartphone,Electronics,27233.47,1,30000
2025-04-19,Headphones,Accessories,8304.88,3,2500
2025-04-19,Keyboard,Accessories,9043.7,6,1500
2025-04-19,Mouse,Accessories,3187.62,4,800
2025-04-19,Office Chair,Furniture,46861.36,5,9000
2025-04-19,Desk,Furniture,32435.28,3,12000
2025-04-19,Monitor,Electronics,55904.78,4,15000
2025-04-20,Laptop,Electronics,470762.41,8,55000
2025-04-20,Smartphone,Electronics,193181.15,6,30000
2025-04-20,Headphones,Accessories,13732.27,6,2500
2025-04-20,Keyboard,Accessories,8314.07,5,1500
2025-04-20,Mouse,Accessories,2438.85,3,800
2025-04-20,Office Chair,Furniture,18162.35,2,9000
2025-04-20,Desk,Furniture,11347.8,1,12000
2025-04-20,Monitor,Electronics,79566.53,6,15000
2025-04-21,Laptop,Electronics,221925.64,4,55000
2025-04-21,Smartphone,Electronics,82290.14,3,30000
2025-04-21,Headphones,Accessories,5241.64,2,2500
2025-04-21,Keyboard,Accessories,4966.85,3,1500
2025-04-21,Mouse,Accessories,5733.54,7,800
2025-04-21,Office Chair,Furniture,15897.37,2,9000
2025-04-21,Desk,Furniture,65805.95,5,12000
2025-04-21,Monitor,Electronics,59985.14,4,15000
2025-04-22,Laptop,Electronics,343252.68,6,55000
2025-04-22,Smartphone,Electronics,30023.19,1,30000
2025-04-22,Headphones,Accessories,4982.35,2,2500
2025-04-22,Keyboard,Accessories,1614.92,1,1500
2025-04-22,Mouse,Accessories,737.1,1,800
2025-04-22,Office Chair,Furniture,41900.78,5,9000
2025-04-22,Desk,Furniture,10801.32,1,12000
2025-04-22,Monitor,Electronics,45198.35,3,15000
2025-04-23,Laptop,Electronics,280605.44,5,55000
2025-04-23,Smartphone,Electronics,197561.22,7,30000
2025-04-23,Headphones,Accessories,15901.69,7,2500
2025-04-23,Keyboard,Accessories,6689.68,4,1500
2025-04-23,Mouse,Accessories,5205.58,7,800
2025-04-23,Office Chair,Furniture,58749.21,6,9000
2025-04-23,Desk,Furniture,24974.97,2,12000
2025-04-23,Monitor,Electronics,28276.86,2,15000
2025-04-24,Laptop,Electronics,298316.8,5,55000
2025-04-24,Smartphone,Electronics,233339.94,7,30000
2025-04-24,Headphones,Accessories,14145.7,6,2500
2025-04-24,Keyboard,Accessories,10367.71,7,1500
2025-04-24,Mouse,Accessories,1414.11,2,800
2025-04-24,Office Chair,Furniture,18531.96,2,9000
2025-04-24,Desk,Furniture,39480.78,3,12000
2025-04-24,Monitor,Electronics,98289.0,7,15000
2025-04-25,Laptop,Electronics,364132.76,7,55000
2025-04-25,Smartphone,Electronics,31894.68,1,30000
2025-04-25,Headphones,Accessories,4552.16,2,2500
2025-04-25,Keyboard,Accessories,10293.07,7,1500
2025-04-25,Mouse,Accessories,3642.03,5,800
2025-04-25,Office Chair,Furniture,24802.37,3,9000
2025-04-25,Desk,Furniture,23730.82,2,12000
2025-04-25,Monitor,Electronics,67904.34,5,15000
2025-04-26,Laptop,Electronics,49441.87,1,55000
2025-04-26,Smartphone,Electronics,165701.87,5,30000
2025-04-26,Headphones,Accessories,2416.89,1,2500
2025-04-26,Keyboard,Accessories,3025.7,2,1500
2025-04-26,Mouse,Accessories,3264.82,4,800
2025-04-26,Office Chair,Furniture,44924.21,5,9000
2025-04-26,Desk,Furniture,64398.71,5,12000
2025-04-26,Monitor,Electronics,97490.56,6,15000
2025-04-27,Laptop,Electronics,445722.22,8,55000
2025-04-27,Smartphone,Electronics,28799.76,1,30000
2025-04-27,Headphones,Accessories,13178.18,5,2500
2025-04-27,Keyboard,Accessories,4217.4,3,1500
2025-04-27,Mouse,Accessories,2460.23,3,800
2025-04-27,Office Chair,Furniture,17283.08,2,9000
2025-04-27,Desk,Furniture,53510.37,4,12000
2025-04-27,Monitor,Electronics,67912.79,5,15000
2025-04-28,Laptop,Electronics,101302.2,2,55000
2025-04-28,Smartphone,Electronics,171666.19,6,30000
2025-04-28,Headphones,Accessories,16757.21,7,2500
2025-04-28,Keyboard,Accessories,2849.06,2,1500
2025-04-28,Mouse,Accessories,4634.76,6,800
2025-04-28,Office Chair,Furniture,9372.3,1,9000
2025-04-28,Desk,Furniture,34940.29,3,12000
2025-04-28,Monitor,Electronics,13863.97,1,15000
2025-04-29,Laptop,Electronics,326654.96,6,55000
2025-04-29,Smartphone,Electronics,126653.1,4,30000
2025-04-29,Headphones,Accessories,2625.58,1,2500
2025-04-29,Keyboard,Accessories,7027.61,5,1500
2025-04-29,Mouse,Accessories,3411.86,4,800
2025-04-29,Office Chair,Furniture,9481.18,1,9000
2025-04-29,Desk,Furniture,55751.7,5,12000
2025-04-29,Monitor,Electronics,30600.67,2,15000
2025-04-30,Laptop,Electronics,298267.81,5,55000
2025-04-30,Smartphone,Electronics,187919.7,6,30000
2025-04-30,Headphones,Accessories,16880.62,7,2500
2025-04-30,Keyboard,Accessories,2948.8,2,1500
2025-04-30,Mouse,Accessories,2633.81,3,800
2025-04-30,Office Chair,Furniture,16995.72,2,9000
2025-04-30,Desk,Furniture,71879.56,6,12000
2025-04-30,Monitor,Electronics,27811.06,2,15000
2025-05-01,Laptop,Electronics,280496.23,5,55000
2025-05-01,Smartphone,Electronics,87327.2,3,30000
2025-05-01,Headphones,Accessories,10107.58,4,2500
2025-05-01,Keyboard,Accessories,3298.58,2,1500
2025-05-01,Mouse,Accessories,830.51,1,800
2025-05-01,Office Chair,Furniture,37975.42,4,9000
2025-05-01,Desk,Furniture,64258.97,6,12000
2025-05-01,Monitor,Electronics,67981.33,5,15000
2025-05-02,Laptop,Electronics,184778.64,3,55000
2025-05-02,Smartphone,Electronics,228410.85,7,30000
2025-05-02,Headphones,Accessories,17540.85,7,2500
2025-05-02,Keyboard,Accessories,9530.19,7,1500
2025-05-02,Mouse,Accessories,5310.6,7,800
2025-05-02,Office Chair,Furniture,41767.7,5,9000
2025-05-02,Desk,Furniture,60571.13,5,12000
2025-05-02,Monitor,Electronics,28657.04,2,15000
2025-05-03,Laptop,Electronics,199003.14,4,55000
2025-05-03,Smartphone,Electronics,125742.28,4,30000
2025-05-03,Headphones,Accessories,15494.65,6,2500
2025-05-03,Keyboard,Accessories,3023.65,2,1500
2025-05-03,Mouse,Accessories,3093.76,4,800
2025-05-03,Office Chair,Furniture,28557.65,3,9000
2025-05-03,Desk,Furniture,38446.5,3,12000
2025-05-03,Monitor,Electronics,108343.17,8,15000
2025-05-04,Laptop,Electronics,329000.08,6,55000
2025-05-04,Smartphone,Electronics,100661.29,3,30000
2025-05-04,Headphones,Accessories,7643.59,3,2500
2025-05-04,Keyboard,Accessories,5529.69,4,1500
2025-05-04,Mouse,Accessories,5728.63,8,800
2025-05-04,Office Chair,Furniture,37554.96,4,9000
2025-05-04,Desk,Furniture,12700.86,1,12000
2025-05-04,Monitor,Electronics,50352.69,3,15000
2025-05-05,Laptop,Electronics,329483.62,6,55000
2025-05-05,Smartphone,Electronics,114273.86,4,30000
2025-05-05,Headphones,Accessories,5275.91,2,2500
2025-05-05,Keyboard,Accessories,7058.39,5,1500
2025-05-05,Mouse,Accessories,4742.47,6,800
2025-05-05,Office Chair,Furniture,10050.99,1,9000
2025-05-05,Desk,Furniture,62153.42,5,12000
2025-05-05,Monitor,Electronics,26780.35,2,15000
2025-05-06,Laptop,Electronics,156261.84,3,55000
2025-05-06,Smartphone,Electronics,32422.37,1,30000
2025-05-06,Headphones,Accessories,5462.67,2,2500
2025-05-06,Keyboard,Accessories,9133.04,6,1500
2025-05-06,Mouse,Accessories,3255.05,4,800
2025-05-06,Office Chair,Furniture,17217.29,2,9000
2025-05-06,Desk,Furniture,84156.28,7,12000
2025-05-06,Monitor,Electronics,95175.59,7,15000
2025-05-07,Laptop,Electronics,292140.96,6,55000
2025-05-07,Smartphone,Electronics,26513.01,1,30000
2025-05-07,Headphones,Accessories,14269.97,6,2500
2025-05-07,Keyboard,Accessories,8474.75,6,1500
2025-05-07,Mouse,Accessories,3616.9,5,800
2025-05-07,Office Chair,Furniture,57664.38,6,9000
2025-05-07,Desk,Furniture,73964.03,7,12000
2025-05-07,Monitor,Electronics,82566.39,6,15000
2025-05-08,Laptop,Electronics,60552.29,1,55000
2025-05-08,Smartphone,Electronics,111628.01,4,30000
2025-05-08,Headphones,Accessories,10266.22,4,2500
2025-05-08,Keyboard,Accessories,10254.37,7,1500
2025-05-08,Mouse,Accessories,1608.34,2,800
2025-05-08,Office Chair,Furniture,16230.61,2,9000
2025-05-08,Desk,Furniture,66143.98,5,12000
2025-05-08,Monitor,Electronics,43241.89,3,15000
2025-05-09,Laptop,Electronics,117628.15,2,55000
2025-05-09,Smartphone,Electronics,65598.04,2,30000
2025-05-09,Headphones,Accessories,12202.91,5,2500
2025-05-09,Keyboard,Accessories,4966.19,3,1500
2025-05-09,Mouse,Accessories,858.21,1,800
2025-05-09,Office Chair,Furniture,54261.72,6,9000
2025-05-09,Desk,Furniture,81446.8,7,12000
2025-05-09,Monitor,Electronics,16010.06,1,15000
2025-05-10,Laptop,Electronics,461883.31,8,55000
2025-05-10,Smartphone,Electronics,128909.84,4,30000
2025-05-10,Headphones,Accessories,18107.86,8,2500
2025-05-10,Keyboard,Accessories,8301.11,6,1500
2025-05-10,Mouse,Accessories,5359.8,6,800
2025-05-10,Office Chair,Furniture,17373.3,2,9000
2025-05-10,Desk,Furniture,12226.26,1,12000
2025-05-10,Monitor,Electronics,52857.02,4,15000
2025-05-11,Laptop,Electronics,202813.52,4,55000
2025-05-11,Smartphone,Electronics,66797.94,2,30000
2025-05-11,Headphones,Accessories,7759.58,3,2500
2025-05-11,Keyboard,Accessories,4413.04,3,1500
2025-05-11,Mouse,Accessories,7005.14,8,800
2025-05-11,Office Chair,Furniture,41927.54,5,9000
2025-05-11,Desk,Furniture,24254.17,2,12000
2025-05-11,Monitor,Electronics,30002.09,2,15000
2025-05-12,Laptop,Electronics,169225.96,3,55000
2025-05-12,Smartphone,Electronics,160707.14,5,30000
2025-05-12,Headphones,Accessories,9019.42,4,2500
2025-05-12,Keyboard,Accessories,1486.97,1,1500
2025-05-12,Mouse,Accessories,5313.95,7,800
2025-05-12,Office Chair,Furniture,23877.17,3,9000
2025-05-12,Desk,Furniture,81754.8,7,12000
2025-05-12,Monitor,Electronics,46291.49,3,15000
2025-05-13,Laptop,Electronics,286425.35,5,55000
2025-05-13,Smartphone,Electronics,167708.0,6,30000
2025-05-13,Headphones,Accessories,4967.59,2,2500
2025-05-13,Keyboard,Accessories,8258.28,6,1500
2025-05-13,Mouse,Accessories,792.71,1,800
2025-05-13,Office Chair,Furniture,16059.69,2,9000
2025-05-13,Desk,Furniture,65042.67,6,12000
2025-05-13,Monitor,Electronics,61990.43,4,15000
2025-05-14,Laptop,Electronics,343532.5,6,55000
2025-05-14,Smartphone,Electronics,188107.55,7,30000
2025-05-14,Headphones,Accessories,2701.32,1,2500
2025-05-14,Keyboard,Accessories,6219.93,4,1500
2025-05-14,Mouse,Accessories,4117.06,5,800
2025-05-14,Office Chair,Furniture,9742.35,1,9000
2025-05-14,Desk,Furniture,48474.67,4,12000
2025-05-14,Monitor,Electronics,76127.8,5,15000
2025-05-15,Laptop,Electronics,147672.79,3,55000
2025-05-15,Smartphone,Electronics,111576.33,4,30000
2025-05-15,Headphones,Accessories,11307.49,5,2500
2025-05-15,Keyboard,Accessories,1350.65,1,1500
2025-05-15,Mouse,Accessories,731.41,1,800
2025-05-15,Office Chair,Furniture,30009.52,3,9000
2025-05-15,Desk,Furniture,80365.57,7,12000
2025-05-15,Monitor,Electronics,62856.07,4,15000
2025-05-16,Laptop,Electronics,159067.39,3,55000
2025-05-16,Smartphone,Electronics,220188.7,7,30000
2025-05-16,Headphones,Accessories,4773.81,2,2500
2025-05-16,Keyboard,Accessories,4719.46,3,1500
2025-05-16,Mouse,Accessories,5580.2,7,800
2025-05-16,Office Chair,Furniture,8273.41,1,9000
2025-05-16,Desk,Furniture,72067.62,6,12000
2025-05-16,Monitor,Electronics,58089.7,4,15000
2025-05-17,Laptop,Electronics,472609.22,8,55000
2025-05-17,Smartphone,Electronics,32798.22,1,30000
2025-05-17,Headphones,Accessories,15614.62,6,2500
2025-05-17,Keyboard,Accessories,7099.54,5,1500
2025-05-17,Mouse,Accessories,2965.35,4,800
2025-05-17,Office Chair,Furniture,45833.62,5,9000
2025-05-17,Desk,Furniture,54014.94,5,12000
2025-05-17,Monitor,Electronics,92551.02,6,15000
2025-05-18,Laptop,Electronics,53151.9,1,55000
2025-05-18,Smartphone,Electronics,115951.41,4,30000
2025-05-18,Headphones,Accessories,14792.41,6,2500
2025-05-18,Keyboard,Accessories,1662.27,1,1500
2025-05-18,Mouse,Accessories,2505.18,3,800
2025-05-18,Office Chair,Furniture,16067.71,2,9000
2025-05-18,Desk,Furniture,13379.29,1,12000
2025-05-18,Monitor,Electronics,90822.84,6,15000
2025-05-19,Laptop,Electronics,377747.63,7,55000
2025-05-19,Smartphone,Electronics,190573.23,6,30000
2025-05-19,Headphones,Accessories,2313.96,1,2500
2025-05-19,Keyboard,Accessories,6576.45,4,1500
2025-05-19,Mouse,Accessories,3006.05,4,800
2025-05-19,Office Chair,Furniture,46857.81,5,9000
2025-05-19,Desk,Furniture,77607.65,6,12000
2025-05-19,Monitor,Electronics,64683.58,4,15000
2025-05-20,Laptop,Electronics,364086.77,7,55000
2025-05-20,Smartphone,Electronics,94273.87,3,30000
2025-05-20,Headphones,Accessories,5251.68,2,2500
2025-05-20,Keyboard,Accessories,4149.36,3,1500
2025-05-20,Mouse,Accessories,4978.44,7,800
2025-05-20,Office Chair,Furniture,67171.19,7,9000
2025-05-20,Desk,Furniture,80094.28,6,12000
2025-05-20,Monitor,Electronics,14849.54,1,15000
2025-05-21,Laptop,Electronics,262538.85,5,55000
2025-05-21,Smartphone,Electronics,188070.92,7,30000
2025-05-21,Headphones,Accessories,9376.59,4,2500
2025-05-21,Keyboard,Accessories,7732.96,5,1500
2025-05-21,Mouse,Accessories,1631.54,2,800
2025-05-21,Office Chair,Furniture,27856.15,3,9000
2025-05-21,Desk,Furniture,75131.79,7,12000
2025-05-21,Monitor,Electronics,31180.89,2,15000
2025-05-22,Laptop,Electronics,50943.52,1,55000
2025-05-22,Smartphone,Electronics,167443.85,6,30000
2025-05-22,Headphones,Accessories,13154.31,5,2500
2025-05-22,Keyboard,Accessories,8089.7,5,1500
2025-05-22,Mouse,Accessories,1749.7,2,800
2025-05-22,Office Chair,Furniture,41475.65,5,9000
2025-05-22,Desk,Furniture,31920.55,3,12000
2025-05-22,Monitor,Electronics,49234.24,3,15000
2025-05-23,Laptop,Electronics,396873.76,7,55000
2025-05-23,Smartphone,Electronics,100623.57,3,30000
2025-05-23,Headphones,Accessories,16575.02,7,2500
2025-05-23,Keyboard,Accessories,2947.29,2,1500
2025-05-23,Mouse,Accessories,843.64,1,800
2025-05-23,Office Chair,Furniture,9417.75,1,9000
2025-05-23,Desk,Furniture,23671.4,2,12000
2025-05-23,Monitor,Electronics,89960.89,6,15000
2025-05-24,Laptop,Electronics,484219.72,8,55000
2025-05-24,Smartphone,Electronics,156631.53,5,30000
2025-05-24,Headphones,Accessories,8033.31,3,2500
2025-05-24,Keyboard,Accessories,3268.82,2,1500
2025-05-24,Mouse,Accessories,830.78,1,800
2025-05-24,Office Chair,Furniture,52881.98,6,9000
2025-05-24,Desk,Furniture,66345.94,5,12000
2025-05-24,Monitor,Electronics,27899.6,2,15000
2025-05-25,Laptop,Electronics,238827.0,4,55000
2025-05-25,Smartphone,Electronics,27304.43,1,30000
2025-05-25,Headphones,Accessories,19639.01,8,2500
2025-05-25,Keyboard,Accessories,6395.9,4,1500
2025-05-25,Mouse,Accessories,6802.33,8,800
2025-05-25,Office Chair,Furniture,60329.28,6,9000
2025-05-25,Desk,Furniture,32866.3,3,12000
2025-05-25,Monitor,Electronics,28288.38,2,15000
2025-05-26,Laptop,Electronics,298550.08,6,55000
2025-05-26,Smartphone,Electronics,166112.34,5,30000
2025-05-26,Headphones,Accessories,2360.97,1,2500
2025-05-26,Keyboard,Accessories,2770.23,2,1500
2025-05-26,Mouse,Accessories,6193.08,7,800
2025-05-26,Office Chair,Furniture,9032.82,1,9000
2025-05-26,Desk,Furniture,49357.82,4,12000
2025-05-26,Monitor,Electronics,60758.94,4,15000
2025-05-27,Laptop,Electronics,60998.38,1,55000
2025-05-27,Smartphone,Electronics,151063.21,5,30000
2025-05-27,Headphones,Accessories,15769.15,6,2500
2025-05-27,Keyboard,Accessories,4669.36,3,1500
2025-05-27,Mouse,Accessories,4909.76,6,800
2025-05-27,Office Chair,Furniture,20157.7,2,9000
2025-05-27,Desk,Furniture,71727.2,6,12000
2025-05-27,Monitor,Electronics,99661.75,7,15000
2025-05-28,Laptop,Electronics,238009.88,4,55000
2025-05-28,Smartphone,Electronics,189571.92,7,30000
2025-05-28,Headphones,Accessories,14353.08,6,2500
2025-05-28,Keyboard,Accessories,9217.31,6,1500
2025-05-28,Mouse,Accessories,4932.97,6,800
2025-05-28,Office Chair,Furniture,25252.96,3,9000
2025-05-28,Desk,Furniture,46240.76,4,12000
2025-05-28,Monitor,Electronics,62751.92,4,15000
2025-05-29,Laptop,Electronics,365544.21,6,55000
2025-05-29,Smartphone,Electronics,59809.22,2,30000
2025-05-29,Headphones,Accessories,5422.36,2,2500
2025-05-29,Keyboard,Accessories,4036.19,3,1500
2025-05-29,Mouse,Accessories,2657.24,3,800
2025-05-29,Office Chair,Furniture,65388.2,7,9000
2025-05-29,Desk,Furniture,23706.72,2,12000
2025-05-29,Monitor,Electronics,100129.2,6,15000
2025-05-30,Laptop,Electronics,341876.21,6,55000
2025-05-30,Smartphone,Electronics,120493.4,4,30000
2025-05-30,Headphones,Accessories,15898.61,6,2500
2025-05-30,Keyboard,Accessories,4640.26,3,1500
2025-05-30,Mouse,Accessories,4117.67,5,800
2025-05-30,Office Chair,Furniture,30048.44,3,9000
2025-05-30,Desk,Furniture,23956.23,2,12000
2025-05-30,Monitor,Electronics,44183.22,3,15000
2025-05-31,Laptop,Electronics,52055.8,1,55000
2025-05-31,Smartphone,Electronics,142761.34,5,30000
2025-05-31,Headphones,Accessories,14057.55,6,2500
2025-05-31,Keyboard,Accessories,1667.77,1,1500
2025-05-31,Mouse,Accessories,4375.66,5,800
2025-05-31,Office Chair,Furniture,63806.5,8,9000
2025-05-31,Desk,Furniture,96560.22,8,12000
2025-05-31,Monitor,Electronics,69621.15,5,15000
2025-06-01,Laptop,Electronics,61380.71,1,55000
2025-06-01,Smartphone,Electronics,79976.86,3,30000
2025-06-01,Headphones,Accessories,8053.73,3,2500
2025-06-01,Keyboard,Accessories,6085.85,4,1500
2025-06-01,Mouse,Accessories,4340.33,5,800
2025-06-01,Office Chair,Furniture,19828.09,2,9000
2025-06-01,Desk,Furniture,12995.07,1,12000
2025-06-01,Monitor,Electronics,108217.24,8,15000
2025-06-02,Laptop,Electronics,257371.52,5,55000
2025-06-02,Smartphone,Electronics,158900.5,5,30000
2025-06-02,Headphones,Accessories,19519.2,7,2500
2025-06-02,Keyboard,Accessories,4756.2,3,1500
2025-06-02,Mouse,Accessories,2978.66,4,800
2025-06-02,Office Chair,Furniture,19986.27,2,9000
2025-06-02,Desk,Furniture,75263.86,7,12000
2025-06-02,Monitor,Electronics,15827.17,1,15000
2025-06-03,Laptop,Electronics,237700.89,4,55000
2025-06-03,Smartphone,Electronics,173928.87,6,30000
2025-06-03,Headphones,Accessories,12663.86,5,2500
2025-06-03,Keyboard,Accessories,8169.49,6,1500
2025-06-03,Mouse,Accessories,4234.48,6,800
2025-06-03,Office Chair,Furniture,69430.36,7,9000
2025-06-03,Desk,Furniture,37462.89,3,12000
2025-06-03,Monitor,Electronics,67104.19,5,15000
2025-06-04,Laptop,Electronics,112824.09,2,55000
2025-06-04,Smartphone,Electronics,66775.99,2,30000
2025-06-04,Headphones,Accessories,2780.4,1,2500
2025-06-04,Keyboard,Accessories,6027.39,4,1500
2025-06-04,Mouse,Accessories,720.53,1,800
2025-06-04,Office Chair,Furniture,65600.28,7,9000
2025-06-04,Desk,Furniture,65855.86,6,12000
2025-06-04,Monitor,Electronics,63603.91,4,15000
2025-06-05,Laptop,Electronics,55288.17,1,55000
2025-06-05,Smartphone,Electronics,114084.58,4,30000
2025-06-05,Headphones,Accessories,7969.81,3,2500
2025-06-05,Keyboard,Accessories,8536.06,6,1500
2025-06-05,Mouse,Accessories,714.16,1,800
2025-06-05,Office Chair,Furniture,42658.77,5,9000
2025-06-05,Desk,Furniture,22503.27,2,12000
2025-06-05,Monitor,Electronics,92329.84,6,15000
2025-06-06,Laptop,Electronics,112031.11,2,55000
2025-06-06,Smartphone,Electronics,138837.58,5,30000
2025-06-06,Headphones,Accessories,15709.25,6,2500
2025-06-06,Keyboard,Accessories,7780.8,5,1500
2025-06-06,Mouse,Accessories,5492.82,7,800
2025-06-06,Office Chair,Furniture,63752.44,7,9000
2025-06-06,Desk,Furniture,10786.11,1,12000
2025-06-06,Monitor,Electronics,61970.23,4,15000
2025-06-07,Laptop,Electronics,346378.84,6,55000
2025-06-07,Smartphone,Electronics,116435.41,4,30000
2025-06-07,Headphones,Accessories,8187.08,3,2500
2025-06-07,Keyboard,Accessories,1648.54,1,1500
2025-06-07,Mouse,Accessories,4323.79,6,800
2025-06-07,Office Chair,Furniture,17730.63,2,9000
2025-06-07,Desk,Furniture,11915.62,1,12000
2025-06-07,Monitor,Electronics,14233.15,1,15000
2025-06-08,Laptop,Electronics,294173.9,5,55000
2025-06-08,Smartphone,Electronics,171431.81,6,30000
2025-06-08,Headphones,Accessories,20557.96,8,2500
2025-06-08,Keyboard,Accessories,1589.64,1,1500
2025-06-08,Mouse,Accessories,5812.48,8,800
2025-06-08,Office Chair,Furniture,38325.09,4,9000
2025-06-08,Desk,Furniture,36704.93,3,12000
2025-06-08,Monitor,Electronics,15182.49,1,15000
2025-06-09,Laptop,Electronics,372621.01,7,55000
2025-06-09,Smartphone,Electronics,90434.91,3,30000
2025-06-09,Headphones,Accessories,4540.1,2,2500
2025-06-09,Keyboard,Accessories,4844.08,3,1500
2025-06-09,Mouse,Accessories,3535.29,4,800
2025-06-09,Office Chair,Furniture,25025.93,3,9000
2025-06-09,Desk,Furniture,38281.79,3,12000
2025-06-09,Monitor,Electronics,67027.71,5,15000
2025-06-10,Laptop,Electronics,49744.38,1,55000
2025-06-10,Smartphone,Electronics,187032.34,6,30000
2025-06-10,Headphones,Accessories,2422.76,1,2500
2025-06-10,Keyboard,Accessories,2784.63,2,1500
2025-06-10,Mouse,Accessories,4692.13,6,800
2025-06-10,Office Chair,Furniture,57622.1,6,9000
2025-06-10,Desk,Furniture,12916.88,1,12000
2025-06-10,Monitor,Electronics,56916.12,4,15000
2025-06-11,Laptop,Electronics,345275.97,6,55000
2025-06-11,Smartphone,Electronics,63503.44,2,30000
2025-06-11,Headphones,Accessories,17130.47,7,2500
2025-06-11,Keyboard,Accessories,6071.03,4,1500
2025-06-11,Mouse,Accessories,4023.69,5,800
2025-06-11,Office Chair,Furniture,16139.4,2,9000
2025-06-11,Desk,Furniture,13171.78,1,12000
2025-06-11,Monitor,Electronics,98847.99,7,15000
2025-06-12,Laptop,Electronics,108674.83,2,55000
2025-06-12,Smartphone,Electronics,168194.92,6,30000
2025-06-12,Headphones,Accessories,7490.27,3,2500
2025-06-12,Keyboard,Accessories,4057.74,3,1500
2025-06-12,Mouse,Accessories,2348.5,3,800
2025-06-12,Office Chair,Furniture,37938.7,4,9000
2025-06-12,Desk,Furniture,75209.12,6,12000
2025-06-12,Monitor,Electronics,29502.78,2,15000
2025-06-13,Laptop,Electronics,418725.54,7,55000
2025-06-13,Smartphone,Electronics,117371.82,4,30000
2025-06-13,Headphones,Accessories,4687.24,2,2500
2025-06-13,Keyboard,Accessories,3015.25,2,1500
2025-06-13,Mouse,Accessories,5358.84,7,800
2025-06-13,Office Chair,Furniture,18991.07,2,9000
2025-06-13,Desk,Furniture,12208.18,1,12000
2025-06-13,Monitor,Electronics,16110.09,1,15000
2025-06-14,Laptop,Electronics,291265.84,5,55000
2025-06-14,Smartphone,Electronics,228811.55,8,30000
2025-06-14,Headphones,Accessories,9596.8,4,2500
2025-06-14,Keyboard,Accessories,8772.23,6,1500
2025-06-14,Mouse,Accessories,729.02,1,800
2025-06-14,Office Chair,Furniture,9316.15,1,9000
2025-06-14,Desk,Furniture,45077.93,4,12000
2025-06-14,Monitor,Electronics,54696.62,4,15000
2025-06-15,Laptop,Electronics,282093.14,5,55000
2025-06-15,Smartphone,Electronics,141115.24,5,30000
2025-06-15,Headphones,Accessories,4452.12,2,2500
2025-06-15,Keyboard,Accessories,9335.74,6,1500
2025-06-15,Mouse,Accessories,848.45,1,800
2025-06-15,Office Chair,Furniture,25764.71,3,9000
2025-06-15,Desk,Furniture,60425.85,5,12000
2025-06-15,Monitor,Electronics,87249.39,6,15000
2025-06-16,Laptop,Electronics,229595.07,4,55000
2025-06-16,Smartphone,Electronics,80771.1,3,30000
2025-06-16,Headphones,Accessories,8045.47,3,2500
2025-06-16,Keyboard,Accessories,6254.93,4,1500
2025-06-16,Mouse,Accessories,4551.03,6,800
2025-06-16,Office Chair,Furniture,19040.62,2,9000
2025-06-16,Desk,Furniture,34780.63,3,12000
2025-06-16,Monitor,Electronics,80559.45,5,15000
2025-06-17,Laptop,Electronics,104839.41,2,55000
2025-06-17,Smartphone,Electronics,184997.27,7,30000
2025-06-17,Headphones,Accessories,7144.98,3,2500
2025-06-17,Keyboard,Accessories,3252.91,2,1500
2025-06-17,Mouse,Accessories,882.54,1,800
2025-06-17,Office Chair,Furniture,42241.04,5,9000
2025-06-17,Desk,Furniture,52645.71,4,12000
2025-06-17,Monitor,Electronics,59974.06,4,15000
2025-06-18,Laptop,Electronics,307687.24,6,55000
2025-06-18,Smartphone,Electronics,65141.22,2,30000
2025-06-18,Headphones,Accessories,2292.38,1,2500
2025-06-18,Keyboard,Accessories,8446.26,6,1500
2025-06-18,Mouse,Accessories,4087.65,5,800
2025-06-18,Office Chair,Furniture,24249.42,3,9000
2025-06-18,Desk,Furniture,38123.14,3,12000
2025-06-18,Monitor,Electronics,76729.15,5,15000
2025-06-19,Laptop,Electronics,117565.8,2,55000
2025-06-19,Smartphone,Electronics,151788.65,5,30000
2025-06-19,Headphones,Accessories,5368.71,2,2500
2025-06-19,Keyboard,Accessories,5285.91,4,1500
2025-06-19,Mouse,Accessories,2649.67,3,800
2025-06-19,Office Chair,Furniture,37420.85,4,9000
2025-06-19,Desk,Furniture,66390.35,5,12000
2025-06-19,Monitor,Electronics,32797.44,2,15000
2025-06-20,Laptop,Electronics,100571.13,2,55000
2025-06-20,Smartphone,Electronics,54430.71,2,30000
2025-06-20,Headphones,Accessories,10334.31,4,2500
2025-06-20,Keyboard,Accessories,10442.32,7,1500
2025-06-20,Mouse,Accessories,873.38,1,800
2025-06-20,Office Chair,Furniture,8080.0,1,9000
2025-06-20,Desk,Furniture,94074.99,7,12000
2025-06-20,Monitor,Electronics,71173.25,5,15000
2025-06-21,Laptop,Electronics,331450.84,6,55000
2025-06-21,Smartphone,Electronics,216179.95,8,30000
2025-06-21,Headphones,Accessories,22221.88,8,2500
2025-06-21,Keyboard,Accessories,4863.81,3,1500
2025-06-21,Mouse,Accessories,7037.7,8,800
2025-06-21,Office Chair,Furniture,8539.59,1,9000
2025-06-21,Desk,Furniture,12282.78,1,12000
2025-06-21,Monitor,Electronics,55162.52,4,15000
2025-06-22,Laptop,Electronics,489898.38,8,55000
2025-06-22,Smartphone,Electronics,197528.69,6,30000
2025-06-22,Headphones,Accessories,15072.42,6,2500
2025-06-22,Keyboard,Accessories,8186.34,5,1500
2025-06-22,Mouse,Accessories,1518.3,2,800
2025-06-22,Office Chair,Furniture,48996.27,5,9000
2025-06-22,Desk,Furniture,64221.66,6,12000
2025-06-22,Monitor,Electronics,58989.57,4,15000
2025-06-23,Laptop,Electronics,348754.13,6,55000
2025-06-23,Smartphone,Electronics,143257.68,5,30000
2025-06-23,Headphones,Accessories,4465.69,2,2500
2025-06-23,Keyboard,Accessories,2946.81,2,1500
2025-06-23,Mouse,Accessories,4003.01,5,800
2025-06-23,Office Chair,Furniture,34050.92,4,9000
2025-06-23,Desk,Furniture,52317.09,4,12000
2025-06-23,Monitor,Electronics,16588.37,1,15000
2025-06-24,Laptop,Electronics,357765.95,6,55000
2025-06-24,Smartphone,Electronics,58708.22,2,30000
2025-06-24,Headphones,Accessories,4764.2,2,2500
2025-06-24,Keyboard,Accessories,1358.36,1,1500
2025-06-24,Mouse,Accessories,3968.69,5,800
2025-06-24,Office Chair,Furniture,8470.07,1,9000
2025-06-24,Desk,Furniture,80226.95,7,12000
2025-06-24,Monitor,Electronics,41199.05,3,15000
2025-06-25,Laptop,Electronics,98307.42,2,55000
2025-06-25,Smartphone,Electronics,92761.86,3,30000
2025-06-25,Headphones,Accessories,7563.74,3,2500
2025-06-25,Keyboard,Accessories,11301.62,7,1500
2025-06-25,Mouse,Accessories,785.85,1,800
2025-06-25,Office Chair,Furniture,45700.29,5,9000
2025-06-25,Desk,Furniture,25578.21,2,12000
2025-06-25,Monitor,Electronics,80377.46,6,15000
2025-06-26,Laptop,Electronics,176703.56,3,55000
2025-06-26,Smartphone,Electronics,30062.52,1,30000
2025-06-26,Headphones,Accessories,2341.34,1,2500
2025-06-26,Keyboard,Accessories,9941.22,6,1500
2025-06-26,Mouse,Accessories,2520.84,3,800
2025-06-26,Office Chair,Furniture,67538.31,7,9000
2025-06-26,Desk,Furniture,26737.41,2,12000
2025-06-26,Monitor,Electronics,95350.33,6,15000
2025-06-27,Laptop,Electronics,118213.16,2,55000
2025-06-27,Smartphone,Electronics,60253.43,2,30000
2025-06-27,Headphones,Accessories,11109.27,4,2500
2025-06-27,Keyboard,Accessories,2704.09,2,1500
2025-06-27,Mouse,Accessories,3830.27,5,800
2025-06-27,Office Chair,Furniture,19745.77,2,9000
2025-06-27,Desk,Furniture,23368.06,2,12000
2025-06-27,Monitor,Electronics,92573.02,6,15000
2025-06-28,Laptop,Electronics,261063.4,5,55000
2025-06-28,Smartphone,Electronics,131944.78,4,30000
2025-06-28,Headphones,Accessories,2631.52,1,2500
2025-06-28,Keyboard,Accessories,2701.49,2,1500
2025-06-28,Mouse,Accessories,767.55,1,800
2025-06-28,Office Chair,Furniture,70553.4,8,9000
2025-06-28,Desk,Furniture,48086.5,4,12000
2025-06-28,Monitor,Electronics,80749.48,6,15000
2025-06-29,Laptop,Electronics,108202.65,2,55000
2025-06-29,Smartphone,Electronics,263524.42,8,30000
2025-06-29,Headphones,Accessories,12807.32,5,2500
2025-06-29,Keyboard,Accessories,8626.33,6,1500
2025-06-29,Mouse,Accessories,2535.64,3,800
2025-06-29,Office Chair,Furniture,9884.71,1,9000
2025-06-29,Desk,Furniture,86136.73,8,12000
2025-06-29,Monitor,Electronics,98053.13,6,15000
2025-06-30,Laptop,Electronics,345980.63,7,55000
2025-06-30,Smartphone,Electronics,27844.55,1,30000
2025-06-30,Headphones,Accessories,17049.92,7,2500
2025-06-30,Keyboard,Accessories,2860.61,2,1500
2025-06-30,Mouse,Accessories,887.93,1,800
2025-06-30,Office Chair,Furniture,26530.25,3,9000
2025-06-30,Desk,Furniture,86419.23,7,12000
2025-06-30,Monitor,Electronics,86297.85,6,15000
2025-07-01,Laptop,Electronics,162413.25,3,55000
2025-07-01,Smartphone,Electronics,55401.17,2,30000
2025-07-01,Headphones,Accessories,15967.55,6,2500
2025-07-01,Keyboard,Accessories,5322.9,4,1500
2025-07-01,Mouse,Accessories,743.53,1,800
2025-07-01,Office Chair,Furniture,63539.18,7,9000
2025-07-01,Desk,Furniture,79658.42,6,12000
2025-07-01,Monitor,Electronics,49715.94,3,15000
2025-07-02,Laptop,Electronics,212513.97,4,55000
2025-07-02,Smartphone,Electronics,90215.68,3,30000
2025-07-02,Headphones,Accessories,12532.05,5,2500
2025-07-02,Keyboard,Accessories,8274.01,5,1500
2025-07-02,Mouse,Accessories,5943.91,7,800
2025-07-02,Office Chair,Furniture,9855.87,1,9000
2025-07-02,Desk,Furniture,21784.72,2,12000
2025-07-02,Monitor,Electronics,28704.43,2,15000
2025-07-03,Laptop,Electronics,328541.86,6,55000
2025-07-03,Smartphone,Electronics,139184.58,5,30000
2025-07-03,Headphones,Accessories,10309.3,4,2500
2025-07-03,Keyboard,Accessories,4243.51,3,1500
2025-07-03,Mouse,Accessories,5406.82,7,800
2025-07-03,Office Chair,Furniture,38608.54,4,9000
2025-07-03,Desk,Furniture,34938.82,3,12000
2025-07-03,Monitor,Electronics,88187.13,6,15000
2025-07-04,Laptop,Electronics,245842.36,5,55000
2025-07-04,Smartphone,Electronics,111802.35,4,30000
2025-07-04,Headphones,Accessories,16994.32,7,2500
2025-07-04,Keyboard,Accessories,5826.29,4,1500
2025-07-04,Mouse,Accessories,2417.97,3,800
2025-07-04,Office Chair,Furniture,52858.83,6,9000
2025-07-04,Desk,Furniture,52216.59,4,12000
2025-07-04,Monitor,Electronics,41870.98,3,15000
2025-07-05,Laptop,Electronics,239950.34,4,55000
2025-07-05,Smartphone,Electronics,80054.44,3,30000
2025-07-05,Headphones,Accessories,2429.34,1,2500
2025-07-05,Keyboard,Accessories,1571.31,1,1500
2025-07-05,Mouse,Accessories,1531.1,2,800
2025-07-05,Office Chair,Furniture,45125.18,5,9000
2025-07-05,Desk,Furniture,21861.63,2,12000
2025-07-05,Monitor,Electronics,44413.47,3,15000
2025-07-06,Laptop,Electronics,262939.11,5,55000
2025-07-06,Smartphone,Electronics,145778.25,5,30000
2025-07-06,Headphones,Accessories,14316.12,6,2500
2025-07-06,Keyboard,Accessories,3066.95,2,1500
2025-07-06,Mouse,Accessories,4999.31,6,800
2025-07-06,Office Chair,Furniture,32305.44,4,9000
2025-07-06,Desk,Furniture,12758.29,1,12000
2025-07-06,Monitor,Electronics,82375.52,6,15000
2025-07-07,Laptop,Electronics,360293.61,6,55000
2025-07-07,Smartphone,Electronics,56298.41,2,30000
2025-07-07,Headphones,Accessories,7404.19,3,2500
2025-07-07,Keyboard,Accessories,4465.59,3,1500
2025-07-07,Mouse,Accessories,3092.35,4,800
2025-07-07,Office Chair,Furniture,28148.91,3,9000
2025-07-07,Desk,Furniture,81482.0,7,12000
2025-07-07,Monitor,Electronics,15112.82,1,15000
2025-07-08,Laptop,Electronics,61190.38,1,55000
2025-07-08,Smartphone,Electronics,124092.77,4,30000
2025-07-08,Headphones,Accessories,17171.69,7,2500
2025-07-08,Keyboard,Accessories,11363.24,7,1500
2025-07-08,Mouse,Accessories,867.28,1,800
2025-07-08,Office Chair,Furniture,62558.74,7,9000
2025-07-08,Desk,Furniture,43111.26,4,12000
2025-07-08,Monitor,Electronics,93080.76,6,15000
2025-07-09,Laptop,Electronics,55615.32,1,55000
2025-07-09,Smartphone,Electronics,82817.36,3,30000
2025-07-09,Headphones,Accessories,16180.53,6,2500
2025-07-09,Keyboard,Accessories,8206.13,6,1500
2025-07-09,Mouse,Accessories,2223.82,3,800
2025-07-09,Office Chair,Furniture,37910.5,4,9000
2025-07-09,Desk,Furniture,12964.68,1,12000
2025-07-09,Monitor,Electronics,29802.55,2,15000
2025-07-10,Laptop,Electronics,270343.56,5,55000
2025-07-10,Smartphone,Electronics,32194.8,1,30000
2025-07-10,Headphones,Accessories,13311.85,6,2500
2025-07-10,Keyboard,Accessories,6435.17,4,1500
2025-07-10,Mouse,Accessories,750.07,1,800
2025-07-10,Office Chair,Furniture,49588.84,6,9000
2025-07-10,Desk,Furniture,48918.57,4,12000
2025-07-10,Monitor,Electronics,14840.25,1,15000
2025-07-11,Laptop,Electronics,105924.37,2,55000
2025-07-11,Smartphone,Electronics,196711.67,7,30000
2025-07-11,Headphones,Accessories,2312.06,1,2500
2025-07-11,Keyboard,Accessories,1452.73,1,1500
2025-07-11,Mouse,Accessories,2313.97,3,800
2025-07-11,Office Chair,Furniture,43337.97,5,9000
2025-07-11,Desk,Furniture,73924.86,7,12000
2025-07-11,Monitor,Electronics,62532.85,4,15000
2025-07-12,Laptop,Electronics,258531.87,5,55000
2025-07-12,Smartphone,Electronics,55201.41,2,30000
2025-07-12,Headphones,Accessories,4629.83,2,2500
2025-07-12,Keyboard,Accessories,10620.65,8,1500
2025-07-12,Mouse,Accessories,877.29,1,800
2025-07-12,Office Chair,Furniture,26069.5,3,9000
2025-07-12,Desk,Furniture,44868.47,4,12000
2025-07-12,Monitor,Electronics,64561.82,4,15000
2025-07-13,Laptop,Electronics,477884.21,8,55000
2025-07-13,Smartphone,Electronics,153736.91,5,30000
2025-07-13,Headphones,Accessories,11228.91,5,2500
2025-07-13,Keyboard,Accessories,6697.42,4,1500
2025-07-13,Mouse,Accessories,704.56,1,800
2025-07-13,Office Chair,Furniture,28080.27,3,9000
2025-07-13,Desk,Furniture,22614.14,2,12000
2025-07-13,Monitor,Electronics,91874.19,6,15000
2025-07-14,Laptop,Electronics,239189.1,4,55000
2025-07-14,Smartphone,Electronics,169846.58,6,30000
2025-07-14,Headphones,Accessories,9168.84,4,2500
2025-07-14,Keyboard,Accessories,10912.33,7,1500
2025-07-14,Mouse,Accessories,3269.75,4,800
2025-07-14,Office Chair,Furniture,27946.38,3,9000
2025-07-14,Desk,Furniture,79478.29,6,12000
2025-07-14,Monitor,Electronics,102053.08,7,15000
2025-07-15,Laptop,Electronics,235048.36,4,55000
2025-07-15,Smartphone,Electronics,167264.08,6,30000
2025-07-15,Headphones,Accessories,2468.54,1,2500
2025-07-15,Keyboard,Accessories,7549.06,5,1500
2025-07-15,Mouse,Accessories,2381.42,3,800
2025-07-15,Office Chair,Furniture,8979.37,1,9000
2025-07-15,Desk,Furniture,26233.95,2,12000
2025-07-15,Monitor,Electronics,28178.15,2,15000
2025-07-16,Laptop,Electronics,53732.49,1,55000
2025-07-16,Smartphone,Electronics,33191.83,1,30000
2025-07-16,Headphones,Accessories,4740.49,2,2500
2025-07-16,Keyboard,Accessories,9289.0,6,1500
2025-07-16,Mouse,Accessories,5735.69,7,800
2025-07-16,Office Chair,Furniture,26274.88,3,9000
2025-07-16,Desk,Furniture,22011.89,2,12000
2025-07-16,Monitor,Electronics,45234.83,3,15000
2025-07-17,Laptop,Electronics,194626.76,4,55000
2025-07-17,Smartphone,Electronics,161615.31,6,30000
2025-07-17,Headphones,Accessories,5366.73,2,2500
2025-07-17,Keyboard,Accessories,6106.52,4,1500
2025-07-17,Mouse,Accessories,810.89,1,800
2025-07-17,Office Chair,Furniture,7939.44,1,9000
2025-07-17,Desk,Furniture,47225.48,4,12000
2025-07-17,Monitor,Electronics,57086.57,4,15000
2025-07-18,Laptop,Electronics,145926.99,3,55000
2025-07-18,Smartphone,Electronics,92561.44,3,30000
2025-07-18,Headphones,Accessories,15559.5,7,2500
2025-07-18,Keyboard,Accessories,4058.21,3,1500
2025-07-18,Mouse,Accessories,3396.61,4,800
2025-07-18,Office Chair,Furniture,8194.54,1,9000
2025-07-18,Desk,Furniture,45806.6,4,12000
2025-07-18,Monitor,Electronics,81040.29,5,15000
2025-07-19,Laptop,Electronics,114071.67,2,55000
2025-07-19,Smartphone,Electronics,262449.54,8,30000
2025-07-19,Headphones,Accessories,9283.36,4,2500
2025-07-19,Keyboard,Accessories,6714.48,4,1500
2025-07-19,Mouse,Accessories,4525.45,6,800
2025-07-19,Office Chair,Furniture,71758.84,8,9000
2025-07-19,Desk,Furniture,11264.87,1,12000
2025-07-19,Monitor,Electronics,73486.45,5,15000
2025-07-20,Laptop,Electronics,307193.95,6,55000
2025-07-20,Smartphone,Electronics,88013.67,3,30000
2025-07-20,Headphones,Accessories,18360.57,8,2500
2025-07-20,Keyboard,Accessories,8234.55,5,1500
2025-07-20,Mouse,Accessories,3067.05,4,800
2025-07-20,Office Chair,Furniture,75327.66,8,9000
2025-07-20,Desk,Furniture,43544.87,4,12000
2025-07-20,Monitor,Electronics,68204.67,5,15000
2025-07-21,Laptop,Electronics,235009.97,4,55000
2025-07-21,Smartphone,Electronics,88056.51,3,30000
2025-07-21,Headphones,Accessories,15956.35,6,2500
2025-07-21,Keyboard,Accessories,8520.79,6,1500
2025-07-21,Mouse,Accessories,4422.55,6,800
2025-07-21,Office Chair,Furniture,17061.12,2,9000
2025-07-21,Desk,Furniture,24311.77,2,12000
2025-07-21,Monitor,Electronics,82703.16,6,15000
2025-07-22,Laptop,Electronics,348892.29,6,55000
2025-07-22,Smartphone,Electronics,27821.63,1,30000
2025-07-22,Headphones,Accessories,18210.02,7,2500
2025-07-22,Keyboard,Accessories,7993.65,5,1500
2025-07-22,Mouse,Accessories,2188.36,3,800
2025-07-22,Office Chair,Furniture,59444.02,7,9000
2025-07-22,Desk,Furniture,12633.48,1,12000
2025-07-22,Monitor,Electronics,90122.18,6,15000
2025-07-23,Laptop,Electronics,282775.67,5,55000
2025-07-23,Smartphone,Electronics,124482.13,4,30000
2025-07-23,Headphones,Accessories,11109.68,4,2500
2025-07-23,Keyboard,Accessories,9692.21,6,1500
2025-07-23,Mouse,Accessories,6033.79,7,800
2025-07-23,Office Chair,Furniture,25823.57,3,9000
2025-07-23,Desk,Furniture,68793.42,6,12000
2025-07-23,Monitor,Electronics,79267.14,5,15000
2025-07-24,Laptop,Electronics,322945.89,6,55000
2025-07-24,Smartphone,Electronics,119987.51,4,30000
2025-07-24,Headphones,Accessories,7880.02,3,2500
2025-07-24,Keyboard,Accessories,4634.13,3,1500
2025-07-24,Mouse,Accessories,2375.95,3,800
2025-07-24,Office Chair,Furniture,34064.02,4,9000
2025-07-24,Desk,Furniture,59755.4,5,12000
2025-07-24,Monitor,Electronics,57786.23,4,15000
2025-07-25,Laptop,Electronics,291481.9,5,55000
2025-07-25,Smartphone,Electronics,81380.47,3,30000
2025-07-25,Headphones,Accessories,13975.06,5,2500
2025-07-25,Keyboard,Accessories,2791.58,2,1500
2025-07-25,Mouse,Accessories,1532.69,2,800
2025-07-25,Office Chair,Furniture,35218.61,4,9000
2025-07-25,Desk,Furniture,57333.19,5,12000
2025-07-25,Monitor,Electronics,56084.65,4,15000
2025-07-26,Laptop,Electronics,436976.3,8,55000
2025-07-26,Smartphone,Electronics,58270.91,2,30000
2025-07-26,Headphones,Accessories,2352.86,1,2500
2025-07-26,Keyboard,Accessories,4082.1,3,1500
2025-07-26,Mouse,Accessories,1601.89,2,800
2025-07-26,Office Chair,Furniture,48345.52,5,9000
2025-07-26,Desk,Furniture,36360.81,3,12000
2025-07-26,Monitor,Electronics,14008.41,1,15000
2025-07-27,Laptop,Electronics,485666.08,8,55000
2025-07-27,Smartphone,Electronics,63374.06,2,30000
2025-07-27,Headphones,Accessories,18250.48,8,2500
2025-07-27,Keyboard,Accessories,2699.57,2,1500
2025-07-27,Mouse,Accessories,883.33,1,800
2025-07-27,Office Chair,Furniture,53879.4,6,9000
2025-07-27,Desk,Furniture,93848.91,8,12000
2025-07-27,Monitor,Electronics,117705.6,8,15000
2025-07-28,Laptop,Electronics,380963.67,7,55000
2025-07-28,Smartphone,Electronics,32679.56,1,30000
2025-07-28,Headphones,Accessories,12527.34,5,2500
2025-07-28,Keyboard,Accessories,9608.33,6,1500
2025-07-28,Mouse,Accessories,2437.87,3,800
2025-07-28,Office Chair,Furniture,8138.51,1,9000
2025-07-28,Desk,Furniture,92311.05,7,12000
2025-07-28,Monitor,Electronics,16704.22,1,15000
2025-07-29,Laptop,Electronics,250683.31,5,55000
2025-07-29,Smartphone,Electronics,166846.91,5,30000
2025-07-29,Headphones,Accessories,11132.93,4,2500
2025-07-29,Keyboard,Accessories,1516.7,1,1500
2025-07-29,Mouse,Accessories,885.91,1,800
2025-07-29,Office Chair,Furniture,18266.04,2,9000
2025-07-29,Desk,Furniture,11834.09,1,12000
2025-07-29,Monitor,Electronics,56899.5,4,15000
2025-07-30,Laptop,Electronics,158606.74,3,55000
2025-07-30,Smartphone,Electronics,109713.33,4,30000
2025-07-30,Headphones,Accessories,16327.68,6,2500
2025-07-30,Keyboard,Accessories,3182.65,2,1500
2025-07-30,Mouse,Accessories,1722.66,2,800
2025-07-30,Office Chair,Furniture,64510.27,7,9000
2025-07-30,Desk,Furniture,38811.96,3,12000
2025-07-30,Monitor,Electronics,93640.61,6,15000
2025-07-31,Laptop,Electronics,388268.27,7,55000
2025-07-31,Smartphone,Electronics,32249.38,1,30000
2025-07-31,Headphones,Accessories,12320.67,5,2500
2025-07-31,Keyboard,Accessories,4246.51,3,1500
2025-07-31,Mouse,Accessories,4947.94,6,800
2025-07-31,Office Chair,Furniture,27339.15,3,9000
2025-07-31,Desk,Furniture,53554.2,4,12000
2025-07-31,Monitor,Electronics,31586.69,2,15000
2025-08-01,Laptop,Electronics,293854.16,5,55000
2025-08-01,Smartphone,Electronics,83312.93,3,30000
2025-08-01,Headphones,Accessories,14671.65,6,2500
2025-08-01,Keyboard,Accessories,9660.72,6,1500
2025-08-01,Mouse,Accessories,4315.76,6,800
2025-08-01,Office Chair,Furniture,26262.81,3,9000
2025-08-01,Desk,Furniture,71060.64,6,12000
2025-08-01,Monitor,Electronics,28709.13,2,15000
2025-08-02,Laptop,Electronics,200109.39,4,55000
2025-08-02,Smartphone,Electronics,212912.81,8,30000
2025-08-02,Headphones,Accessories,5450.01,2,2500
2025-08-02,Keyboard,Accessories,8852.22,6,1500
2025-08-02,Mouse,Accessories,4248.05,5,800
2025-08-02,Office Chair,Furniture,74748.12,8,9000
2025-08-02,Desk,Furniture,10714.3,1,12000
2025-08-02,Monitor,Electronics,49114.84,3,15000
2025-08-03,Laptop,Electronics,255716.37,5,55000
2025-08-03,Smartphone,Electronics,195405.65,6,30000
2025-08-03,Headphones,Accessories,2769.06,1,2500
2025-08-03,Keyboard,Accessories,1442.77,1,1500
2025-08-03,Mouse,Accessories,4346.26,6,800
2025-08-03,Office Chair,Furniture,9308.4,1,9000
2025-08-03,Desk,Furniture,26754.81,2,12000
2025-08-03,Monitor,Electronics,15551.47,1,15000
2025-08-04,Laptop,Electronics,159619.19,3,55000
2025-08-04,Smartphone,Electronics,64343.32,2,30000
2025-08-04,Headphones,Accessories,2458.19,1,2500
2025-08-04,Keyboard,Accessories,5817.9,4,1500
2025-08-04,Mouse,Accessories,711.79,1,800
2025-08-04,Office Chair,Furniture,33897.72,4,9000
2025-08-04,Desk,Furniture,34251.01,3,12000
2025-08-04,Monitor,Electronics,58594.47,4,15000
2025-08-05,Laptop,Electronics,305813.13,5,55000
2025-08-05,Smartphone,Electronics,223642.88,7,30000
2025-08-05,Headphones,Accessories,7252.65,3,2500
2025-08-05,Keyboard,Accessories,9363.97,6,1500
2025-08-05,Mouse,Accessories,4923.06,6,800
2025-08-05,Office Chair,Furniture,17752.62,2,9000
2025-08-05,Desk,Furniture,11268.48,1,12000
2025-08-05,Monitor,Electronics,15387.71,1,15000
2025-08-06,Laptop,Electronics,230711.35,4,55000
2025-08-06,Smartphone,Electronics,193539.18,6,30000
2025-08-06,Headphones,Accessories,13972.43,6,2500
2025-08-06,Keyboard,Accessories,2810.16,2,1500
2025-08-06,Mouse,Accessories,3256.44,4,800
2025-08-06,Office Chair,Furniture,8326.91,1,9000
2025-08-06,Desk,Furniture,36159.78,3,12000
2025-08-06,Monitor,Electronics,100643.85,6,15000
2025-08-07,Laptop,Electronics,423991.64,7,55000
2025-08-07,Smartphone,Electronics,124441.99,4,30000
2025-08-07,Headphones,Accessories,15999.15,7,2500
2025-08-07,Keyboard,Accessories,5850.64,4,1500
2025-08-07,Mouse,Accessories,4626.97,6,800
2025-08-07,Office Chair,Furniture,9027.16,1,9000
2025-08-07,Desk,Furniture,65484.09,6,12000
2025-08-07,Monitor,Electronics,89368.96,6,15000
2025-08-08,Laptop,Electronics,175982.37,3,55000
2025-08-08,Smartphone,Electronics,86313.34,3,30000
2025-08-08,Headphones,Accessories,2208.11,1,2500
2025-08-08,Keyboard,Accessories,6903.19,5,1500
2025-08-08,Mouse,Accessories,3337.31,4,800
2025-08-08,Office Chair,Furniture,9962.87,1,9000
2025-08-08,Desk,Furniture,75559.51,6,12000
2025-08-08,Monitor,Electronics,110153.24,7,15000
2025-08-09,Laptop,Electronics,57042.97,1,55000
2025-08-09,Smartphone,Electronics,97551.36,3,30000
2025-08-09,Headphones,Accessories,2639.01,1,2500
2025-08-09,Keyboard,Accessories,7487.85,5,1500
2025-08-09,Mouse,Accessories,4014.08,5,800
2025-08-09,Office Chair,Furniture,28128.73,3,9000
2025-08-09,Desk,Furniture,45673.62,4,12000
2025-08-09,Monitor,Electronics,92250.16,6,15000
2025-08-10,Laptop,Electronics,51871.94,1,55000
2025-08-10,Smartphone,Electronics,87035.77,3,30000
2025-08-10,Headphones,Accessories,12766.43,5,2500
2025-08-10,Keyboard,Accessories,1566.2,1,1500
2025-08-10,Mouse,Accessories,4425.35,6,800
2025-08-10,Office Chair,Furniture,19474.59,2,9000
2025-08-10,Desk,Furniture,25079.64,2,12000
2025-08-10,Monitor,Electronics,42655.17,3,15000
2025-08-11,Laptop,Electronics,367688.97,6,55000
2025-08-11,Smartphone,Electronics,28909.94,1,30000
2025-08-11,Headphones,Accessories,18129.43,7,2500
2025-08-11,Keyboard,Accessories,6929.71,5,1500
2025-08-11,Mouse,Accessories,4842.14,6,800
2025-08-11,Office Chair,Furniture,38064.34,4,9000
2025-08-11,Desk,Furniture,32790.93,3,12000
2025-08-11,Monitor,Electronics,31339.37,2,15000
2025-08-12,Laptop,Electronics,52378.37,1,55000
2025-08-12,Smartphone,Electronics,31372.43,1,30000
2025-08-12,Headphones,Accessories,17369.97,7,2500
2025-08-12,Keyboard,Accessories,8705.4,6,1500
2025-08-12,Mouse,Accessories,3210.11,4,800
2025-08-12,Office Chair,Furniture,30049.93,3,9000
2025-08-12,Desk,Furniture,75354.99,7,12000
2025-08-12,Monitor,Electronics,103089.46,7,15000
2025-08-13,Laptop,Electronics,371675.29,7,55000
2025-08-13,Smartphone,Electronics,32340.97,1,30000
2025-08-13,Headphones,Accessories,13063.73,5,2500
2025-08-13,Keyboard,Accessories,4289.14,3,1500
2025-08-13,Mouse,Accessories,3705.26,5,800
2025-08-13,Office Chair,Furniture,18502.22,2,9000
2025-08-13,Desk,Furniture,87831.92,7,12000
2025-08-13,Monitor,Electronics,31102.58,2,15000
2025-08-14,Laptop,Electronics,218372.57,4,55000
2025-08-14,Smartphone,Electronics,120781.87,4,30000
2025-08-14,Headphones,Accessories,9543.12,4,2500
2025-08-14,Keyboard,Accessories,11477.44,7,1500
2025-08-14,Mouse,Accessories,5312.69,7,800
2025-08-14,Office Chair,Furniture,24948.47,3,9000
2025-08-14,Desk,Furniture,22331.74,2,12000
2025-08-14,Monitor,Electronics,64938.48,4,15000
2025-08-15,Laptop,Electronics,153543.98,3,55000
2025-08-15,Smartphone,Electronics,132195.97,5,30000
2025-08-15,Headphones,Accessories,9105.78,4,2500
2025-08-15,Keyboard,Accessories,3198.24,2,1500
2025-08-15,Mouse,Accessories,729.77,1,800
2025-08-15,Office Chair,Furniture,29952.54,3,9000
2025-08-15,Desk,Furniture,38958.09,3,12000
2025-08-15,Monitor,Electronics,14121.68,1,15000
2025-08-16,Laptop,Electronics,297015.89,5,55000
2025-08-16,Smartphone,Electronics,242097.24,8,30000
2025-08-16,Headphones,Accessories,2475.19,1,2500
2025-08-16,Keyboard,Accessories,9224.65,6,1500
2025-08-16,Mouse,Accessories,722.05,1,800
2025-08-16,Office Chair,Furniture,73862.14,8,9000
2025-08-16,Desk,Furniture,13326.86,1,12000
2025-08-16,Monitor,Electronics,84753.28,6,15000
2025-08-17,Laptop,Electronics,59561.28,1,55000
2025-08-17,Smartphone,Electronics,32979.46,1,30000
2025-08-17,Headphones,Accessories,16445.21,6,2500
2025-08-17,Keyboard,Accessories,1458.07,1,1500
2025-08-17,Mouse,Accessories,864.21,1,800
2025-08-17,Office Chair,Furniture,27739.81,3,9000
2025-08-17,Desk,Furniture,11399.28,1,12000
2025-08-17,Monitor,Electronics,66690.55,5,15000
2025-08-18,Laptop,Electronics,386178.09,7,55000
2025-08-18,Smartphone,Electronics,188589.61,6,30000
2025-08-18,Headphones,Accessories,10401.8,4,2500
2025-08-18,Keyboard,Accessories,3031.81,2,1500
2025-08-18,Mouse,Accessories,3948.87,5,800
2025-08-18,Office Chair,Furniture,16074.19,2,9000
2025-08-18,Desk,Furniture,11825.66,1,12000
2025-08-18,Monitor,Electronics,110454.62,7,15000
2025-08-19,Laptop,Electronics,286791.57,5,55000
2025-08-19,Smartphone,Electronics,32254.68,1,30000
2025-08-19,Headphones,Accessories,8190.77,3,2500
2025-08-19,Keyboard,Accessories,9515.58,7,1500
2025-08-19,Mouse,Accessories,5022.78,6,800
2025-08-19,Office Chair,Furniture,64050.57,7,9000
2025-08-19,Desk,Furniture,22345.31,2,12000
2025-08-19,Monitor,Electronics,67306.35,5,15000
2025-08-20,Laptop,Electronics,299227.28,5,55000
2025-08-20,Smartphone,Electronics,156075.12,5,30000
2025-08-20,Headphones,Accessories,10015.24,4,2500
2025-08-20,Keyboard,Accessories,6825.16,5,1500
2025-08-20,Mouse,Accessories,4280.7,5,800
2025-08-20,Office Chair,Furniture,19928.36,2,9000
2025-08-20,Desk,Furniture,45161.65,4,12000
2025-08-20,Monitor,Electronics,30442.64,2,15000
2025-08-21,Laptop,Electronics,205446.69,4,55000
2025-08-21,Smartphone,Electronics,132812.47,5,30000
2025-08-21,Headphones,Accessories,18632.5,7,2500
2025-08-21,Keyboard,Accessories,3230.82,2,1500
2025-08-21,Mouse,Accessories,3237.84,4,800
2025-08-21,Office Chair,Furniture,9619.87,1,9000
2025-08-21,Desk,Furniture,34484.62,3,12000
2025-08-21,Monitor,Electronics,30041.83,2,15000
2025-08-22,Laptop,Electronics,183180.85,3,55000
2025-08-22,Smartphone,Electronics,57909.78,2,30000
2025-08-22,Headphones,Accessories,7902.11,3,2500
2025-08-22,Keyboard,Accessories,3034.28,2,1500
2025-08-22,Mouse,Accessories,3930.41,5,800
2025-08-22,Office Chair,Furniture,61248.51,7,9000
2025-08-22,Desk,Furniture,11206.8,1,12000
2025-08-22,Monitor,Electronics,44526.51,3,15000
2025-08-23,Laptop,Electronics,294076.68,5,55000
2025-08-23,Smartphone,Electronics,129410.18,4,30000
2025-08-23,Headphones,Accessories,12181.05,5,2500
2025-08-23,Keyboard,Accessories,1634.96,1,1500
2025-08-23,Mouse,Accessories,2452.37,3,800
2025-08-23,Office Chair,Furniture,19073.12,2,9000
2025-08-23,Desk,Furniture,53472.26,5,12000
2025-08-23,Monitor,Electronics,56233.35,4,15000
2025-08-24,Laptop,Electronics,237405.19,4,55000
2025-08-24,Smartphone,Electronics,81473.73,3,30000
2025-08-24,Headphones,Accessories,4890.71,2,2500
2025-08-24,Keyboard,Accessories,6512.05,4,1500
2025-08-24,Mouse,Accessories,825.07,1,800
2025-08-24,Office Chair,Furniture,46896.96,5,9000
2025-08-24,Desk,Furniture,36068.23,3,12000
2025-08-24,Monitor,Electronics,91590.36,6,15000
2025-08-25,Laptop,Electronics,342972.3,6,55000
2025-08-25,Smartphone,Electronics,221119.06,7,30000
2025-08-25,Headphones,Accessories,17048.87,7,2500
2025-08-25,Keyboard,Accessories,4953.46,3,1500
2025-08-25,Mouse,Accessories,861.56,1,800
2025-08-25,Office Chair,Furniture,48739.02,6,9000
2025-08-25,Desk,Furniture,48487.3,4,12000
2025-08-25,Monitor,Electronics,94465.12,6,15000
2025-08-26,Laptop,Electronics,308123.25,6,55000
2025-08-26,Smartphone,Electronics,126174.36,4,30000
2025-08-26,Headphones,Accessories,7869.89,3,2500
2025-08-26,Keyboard,Accessories,4385.89,3,1500
2025-08-26,Mouse,Accessories,833.79,1,800
2025-08-26,Office Chair,Furniture,27223.91,3,9000
2025-08-26,Desk,Furniture,11662.86,1,12000
2025-08-26,Monitor,Electronics,32337.31,2,15000
2025-08-27,Laptop,Electronics,49379.13,1,55000
2025-08-27,Smartphone,Electronics,199180.62,6,30000
2025-08-27,Headphones,Accessories,13174.74,5,2500
2025-08-27,Keyboard,Accessories,3358.26,2,1500
2025-08-27,Mouse,Accessories,894.12,1,800
2025-08-27,Office Chair,Furniture,43642.5,5,9000
2025-08-27,Desk,Furniture,26865.16,2,12000
2025-08-27,Monitor,Electronics,71482.36,5,15000
2025-08-28,Laptop,Electronics,152196.62,3,55000
2025-08-28,Smartphone,Electronics,143251.57,5,30000
2025-08-28,Headphones,Accessories,16744.76,7,2500
2025-08-28,Keyboard,Accessories,1625.15,1,1500
2025-08-28,Mouse,Accessories,5767.73,7,800
2025-08-28,Office Chair,Furniture,57962.48,6,9000
2025-08-28,Desk,Furniture,68771.79,6,12000
2025-08-28,Monitor,Electronics,114782.87,7,15000
2025-08-29,Laptop,Electronics,327852.04,6,55000
2025-08-29,Smartphone,Electronics,123990.06,4,30000
2025-08-29,Headphones,Accessories,10586.61,4,2500
2025-08-29,Keyboard,Accessories,4433.08,3,1500
2025-08-29,Mouse,Accessories,3608.58,5,800
2025-08-29,Office Chair,Furniture,28235.24,3,9000
2025-08-29,Desk,Furniture,12521.42,1,12000
2025-08-29,Monitor,Electronics,54896.17,4,15000
2025-08-30,Laptop,Electronics,120591.09,2,55000
2025-08-30,Smartphone,Electronics,244428.48,8,30000
2025-08-30,Headphones,Accessories,12809.67,5,2500
2025-08-30,Keyboard,Accessories,3278.19,2,1500
2025-08-30,Mouse,Accessories,4160.66,5,800
2025-08-30,Office Chair,Furniture,79293.0,8,9000
2025-08-30,Desk,Furniture,24710.29,2,12000
2025-08-30,Monitor,Electronics,121641.8,8,15000
2025-08-31,Laptop,Electronics,108680.64,2,55000
2025-08-31,Smartphone,Electronics,29555.75,1,30000
2025-08-31,Headphones,Accessories,11494.15,5,2500
2025-08-31,Keyboard,Accessories,1505.25,1,1500
2025-08-31,Mouse,Accessories,3187.34,4,800
2025-08-31,Office Chair,Furniture,36793.22,4,9000
2025-08-31,Desk,Furniture,21969.33,2,12000
2025-08-31,Monitor,Electronics,91496.48,6,15000
2025-09-01,Laptop,Electronics,177194.35,3,55000
2025-09-01,Smartphone,Electronics,126230.17,4,30000
2025-09-01,Headphones,Accessories,13163.86,5,2500
2025-09-01,Keyboard,Accessories,1551.22,1,1500
2025-09-01,Mouse,Accessories,5904.0,7,800
2025-09-01,Office Chair,Furniture,67201.51,7,9000
2025-09-01,Desk,Furniture,11471.8,1,12000
2025-09-01,Monitor,Electronics,85192.42,6,15000
2025-09-02,Laptop,Electronics,287724.88,5,55000
2025-09-02,Smartphone,Electronics,144324.03,5,30000
2025-09-02,Headphones,Accessories,11523.83,5,2500
2025-09-02,Keyboard,Accessories,11464.75,7,1500
2025-09-02,Mouse,Accessories,2680.13,3,800
2025-09-02,Office Chair,Furniture,36672.86,4,9000
2025-09-02,Desk,Furniture,84458.25,7,12000
2025-09-02,Monitor,Electronics,67324.14,5,15000
2025-09-03,Laptop,Electronics,424686.33,7,55000
2025-09-03,Smartphone,Electronics,90645.31,3,30000
2025-09-03,Headphones,Accessories,7599.95,3,2500
2025-09-03,Keyboard,Accessories,4061.15,3,1500
2025-09-03,Mouse,Accessories,5293.95,7,800
2025-09-03,Office Chair,Furniture,25779.84,3,9000
2025-09-03,Desk,Furniture,75784.16,6,12000
2025-09-03,Monitor,Electronics,67302.43,5,15000
2025-09-04,Laptop,Electronics,50268.08,1,55000
2025-09-04,Smartphone,Electronics,92008.47,3,30000
2025-09-04,Headphones,Accessories,15932.74,7,2500
2025-09-04,Keyboard,Accessories,4407.58,3,1500
2025-09-04,Mouse,Accessories,1752.66,2,800
2025-09-04,Office Chair,Furniture,8518.88,1,9000
2025-09-04,Desk,Furniture,10847.96,1,12000
2025-09-04,Monitor,Electronics,93125.95,6,15000
2025-09-05,Laptop,Electronics,345430.34,6,55000
2025-09-05,Smartphone,Electronics,186365.27,7,30000
2025-09-05,Headphones,Accessories,15427.41,7,2500
2025-09-05,Keyboard,Accessories,9080.74,6,1500
2025-09-05,Mouse,Accessories,5051.63,7,800
2025-09-05,Office Chair,Furniture,43560.92,5,9000
2025-09-05,Desk,Furniture,45459.49,4,12000
2025-09-05,Monitor,Electronics,26921.11,2,15000
2025-09-06,Laptop,Electronics,251542.26,5,55000
2025-09-06,Smartphone,Electronics,198243.7,6,30000
2025-09-06,Headphones,Accessories,12919.33,5,2500
2025-09-06,Keyboard,Accessories,4558.38,3,1500
2025-09-06,Mouse,Accessories,2214.19,3,800
2025-09-06,Office Chair,Furniture,54868.74,6,9000
2025-09-06,Desk,Furniture,21924.79,2,12000
2025-09-06,Monitor,Electronics,117827.69,8,15000
2025-09-07,Laptop,Electronics,436059.84,8,55000
2025-09-07,Smartphone,Electronics,120790.75,4,30000
2025-09-07,Headphones,Accessories,11103.03,4,2500
2025-09-07,Keyboard,Accessories,1611.65,1,1500
2025-09-07,Mouse,Accessories,6605.59,8,800
2025-09-07,Office Chair,Furniture,45177.6,5,9000
2025-09-07,Desk,Furniture,37427.96,3,12000
2025-09-07,Monitor,Electronics,82710.34,6,15000
2025-09-08,Laptop,Electronics,202255.59,4,55000
2025-09-08,Smartphone,Electronics,64404.35,2,30000
2025-09-08,Headphones,Accessories,7434.1,3,2500
2025-09-08,Keyboard,Accessories,1480.11,1,1500
2025-09-08,Mouse,Accessories,3385.58,4,800
2025-09-08,Office Chair,Furniture,19820.53,2,9000
2025-09-08,Desk,Furniture,44063.42,4,12000
2025-09-08,Monitor,Electronics,16135.28,1,15000
2025-09-09,Laptop,Electronics,378102.94,7,55000
2025-09-09,Smartphone,Electronics,30468.23,1,30000
2025-09-09,Headphones,Accessories,14143.33,6,2500
2025-09-09,Keyboard,Accessories,7684.81,5,1500
2025-09-09,Mouse,Accessories,1483.43,2,800
2025-09-09,Office Chair,Furniture,56663.96,7,9000
2025-09-09,Desk,Furniture,58438.13,5,12000
2025-09-09,Monitor,Electronics,65280.36,4,15000
2025-09-10,Laptop,Electronics,396522.34,7,55000
2025-09-10,Smartphone,Electronics,174730.68,6,30000
2025-09-10,Headphones,Accessories,2588.82,1,2500
2025-09-10,Keyboard,Accessories,10509.8,7,1500
2025-09-10,Mouse,Accessories,4343.6,5,800
2025-09-10,Office Chair,Furniture,43103.93,5,9000
2025-09-10,Desk,Furniture,22443.68,2,12000
2025-09-10,Monitor,Electronics,28855.54,2,15000
2025-09-11,Laptop,Electronics,408062.99,7,55000
2025-09-11,Smartphone,Electronics,150655.86,5,30000
2025-09-11,Headphones,Accessories,5158.97,2,2500
2025-09-11,Keyboard,Accessories,6546.05,4,1500
2025-09-11,Mouse,Accessories,3036.27,4,800
2025-09-11,Office Chair,Furniture,62836.95,7,9000
2025-09-11,Desk,Furniture,39045.0,3,12000
2025-09-11,Monitor,Electronics,66439.04,5,15000
2025-09-12,Laptop,Electronics,53573.97,1,55000
2025-09-12,Smartphone,Electronics,139895.53,5,30000
2025-09-12,Headphones,Accessories,10248.59,4,2500
2025-09-12,Keyboard,Accessories,4745.3,3,1500
2025-09-12,Mouse,Accessories,2196.61,3,800
2025-09-12,Office Chair,Furniture,49652.25,6,9000
2025-09-12,Desk,Furniture,44389.38,4,12000
2025-09-12,Monitor,Electronics,13336.15,1,15000
2025-09-13,Laptop,Electronics,307099.09,5,55000
2025-09-13,Smartphone,Electronics,143460.67,5,30000
2025-09-13,Headphones,Accessories,11320.97,5,2500
2025-09-13,Keyboard,Accessories,5636.57,4,1500
2025-09-13,Mouse,Accessories,1506.67,2,800
2025-09-13,Office Chair,Furniture,25310.17,3,9000
2025-09-13,Desk,Furniture,85782.12,8,12000
2025-09-13,Monitor,Electronics,59729.11,4,15000
2025-09-14,Laptop,Electronics,51434.92,1,55000
2025-09-14,Smartphone,Electronics,153119.27,5,30000
2025-09-14,Headphones,Accessories,5528.64,2,2500
2025-09-14,Keyboard,Accessories,6726.66,5,1500
2025-09-14,Mouse,Accessories,6176.4,8,800
2025-09-14,Office Chair,Furniture,9088.53,1,9000
2025-09-14,Desk,Furniture,101243.43,8,12000
2025-09-14,Monitor,Electronics,81385.33,5,15000
2025-09-15,Laptop,Electronics,243448.2,4,55000
2025-09-15,Smartphone,Electronics,147726.96,5,30000
2025-09-15,Headphones,Accessories,9028.14,4,2500
2025-09-15,Keyboard,Accessories,5875.39,4,1500
2025-09-15,Mouse,Accessories,2843.47,4,800
2025-09-15,Office Chair,Furniture,41309.49,5,9000
2025-09-15,Desk,Furniture,11157.51,1,12000
2025-09-15,Monitor,Electronics,94144.26,6,15000
2025-09-16,Laptop,Electronics,54618.31,1,55000
2025-09-16,Smartphone,Electronics,30491.9,1,30000
2025-09-16,Headphones,Accessories,5275.99,2,2500
2025-09-16,Keyboard,Accessories,4461.86,3,1500
2025-09-16,Mouse,Accessories,6060.26,7,800
2025-09-16,Office Chair,Furniture,29374.45,3,9000
2025-09-16,Desk,Furniture,21802.34,2,12000
2025-09-16,Monitor,Electronics,54504.42,4,15000
2025-09-17,Laptop,Electronics,115226.95,2,55000
2025-09-17,Smartphone,Electronics,226962.24,7,30000
2025-09-17,Headphones,Accessories,7492.18,3,2500
2025-09-17,Keyboard,Accessories,3051.11,2,1500
2025-09-17,Mouse,Accessories,5238.93,7,800
2025-09-17,Office Chair,Furniture,9824.91,1,9000
2025-09-17,Desk,Furniture,75035.5,7,12000
2025-09-17,Monitor,Electronics,26466.25,2,15000
2025-09-18,Laptop,Electronics,214840.11,4,55000
2025-09-18,Smartphone,Electronics,133626.57,4,30000
2025-09-18,Headphones,Accessories,4916.07,2,2500
2025-09-18,Keyboard,Accessories,5795.29,4,1500
2025-09-18,Mouse,Accessories,5734.0,7,800
2025-09-18,Office Chair,Furniture,28614.54,3,9000
2025-09-18,Desk,Furniture,36957.83,3,12000
2025-09-18,Monitor,Electronics,106098.61,7,15000
2025-09-19,Laptop,Electronics,108303.39,2,55000
2025-09-19,Smartphone,Electronics,186360.0,6,30000
2025-09-19,Headphones,Accessories,9798.38,4,2500
2025-09-19,Keyboard,Accessories,2969.21,2,1500
2025-09-19,Mouse,Accessories,802.42,1,800
2025-09-19,Office Chair,Furniture,24438.2,3,9000
2025-09-19,Desk,Furniture,76006.77,6,12000
2025-09-19,Monitor,Electronics,102330.91,7,15000
2025-09-20,Laptop,Electronics,438078.44,8,55000
2025-09-20,Smartphone,Electronics,164901.41,6,30000
2025-09-20,Headphones,Accessories,2365.14,1,2500
2025-09-20,Keyboard,Accessories,4436.86,3,1500
2025-09-20,Mouse,Accessories,4780.43,6,800
2025-09-20,Office Chair,Furniture,75560.68,8,9000
2025-09-20,Desk,Furniture,11709.43,1,12000
2025-09-20,Monitor,Electronics,81928.68,5,15000
2025-09-21,Laptop,Electronics,105368.23,2,55000
2025-09-21,Smartphone,Electronics,85012.99,3,30000
2025-09-21,Headphones,Accessories,12435.93,5,2500
2025-09-21,Keyboard,Accessories,1677.15,1,1500
2025-09-21,Mouse,Accessories,859.73,1,800
2025-09-21,Office Chair,Furniture,35932.75,4,9000
2025-09-21,Desk,Furniture,37461.75,3,12000
2025-09-21,Monitor,Electronics,45404.93,3,15000
2025-09-22,Laptop,Electronics,57372.38,1,55000
2025-09-22,Smartphone,Electronics,28162.56,1,30000
2025-09-22,Headphones,Accessories,12340.31,5,2500
2025-09-22,Keyboard,Accessories,6804.77,5,1500
2025-09-22,Mouse,Accessories,2899.0,4,800
2025-09-22,Office Chair,Furniture,66206.53,7,9000
2025-09-22,Desk,Furniture,64735.28,6,12000
2025-09-22,Monitor,Electronics,42992.39,3,15000
2025-09-23,Laptop,Electronics,178992.52,3,55000
2025-09-23,Smartphone,Electronics,92776.55,3,30000
2025-09-23,Headphones,Accessories,2256.97,1,2500
2025-09-23,Keyboard,Accessories,6387.72,4,1500
2025-09-23,Mouse,Accessories,4458.33,5,800
2025-09-23,Office Chair,Furniture,59409.13,7,9000
2025-09-23,Desk,Furniture,76200.82,7,12000
2025-09-23,Monitor,Electronics,76534.7,5,15000
2025-09-24,Laptop,Electronics,360796.33,6,55000
2025-09-24,Smartphone,Electronics,213188.09,7,30000
2025-09-24,Headphones,Accessories,16444.53,6,2500
2025-09-24,Keyboard,Accessories,1372.24,1,1500
2025-09-24,Mouse,Accessories,3560.05,4,800
2025-09-24,Office Chair,Furniture,37977.44,4,9000
2025-09-24,Desk,Furniture,87296.2,7,12000
2025-09-24,Monitor,Electronics,33241.52,2,15000
2025-09-25,Laptop,Electronics,346097.81,7,55000
2025-09-25,Smartphone,Electronics,187679.49,7,30000
2025-09-25,Headphones,Accessories,8087.62,3,2500
2025-09-25,Keyboard,Accessories,3273.55,2,1500
2025-09-25,Mouse,Accessories,5130.02,7,800
2025-09-25,Office Chair,Furniture,19137.49,2,9000
2025-09-25,Desk,Furniture,45868.03,4,12000
2025-09-25,Monitor,Electronics,66939.44,4,15000
2025-09-26,Laptop,Electronics,250482.03,5,55000
2025-09-26,Smartphone,Electronics,198654.74,7,30000
2025-09-26,Headphones,Accessories,15374.87,6,2500
2025-09-26,Keyboard,Accessories,4926.71,3,1500
2025-09-26,Mouse,Accessories,2160.61,3,800
2025-09-26,Office Chair,Furniture,41345.69,5,9000
2025-09-26,Desk,Furniture,31990.11,3,12000
2025-09-26,Monitor,Electronics,96274.48,7,15000
2025-09-27,Laptop,Electronics,53822.68,1,55000
2025-09-27,Smartphone,Electronics,31668.28,1,30000
2025-09-27,Headphones,Accessories,21462.68,8,2500
2025-09-27,Keyboard,Accessories,6979.81,5,1500
2025-09-27,Mouse,Accessories,2369.6,3,800
2025-09-27,Office Chair,Furniture,35851.48,4,9000
2025-09-27,Desk,Furniture,64088.92,5,12000
2025-09-27,Monitor,Electronics,42814.88,3,15000
2025-09-28,Laptop,Electronics,251040.83,5,55000
2025-09-28,Smartphone,Electronics,168268.0,6,30000
2025-09-28,Headphones,Accessories,10260.6,4,2500
2025-09-28,Keyboard,Accessories,2724.1,2,1500
2025-09-28,Mouse,Accessories,1648.92,2,800
2025-09-28,Office Chair,Furniture,26710.53,3,9000
2025-09-28,Desk,Furniture,12591.28,1,12000
2025-09-28,Monitor,Electronics,15792.96,1,15000
2025-09-29,Laptop,Electronics,105917.08,2,55000
2025-09-29,Smartphone,Electronics,33042.52,1,30000
2025-09-29,Headphones,Accessories,2442.79,1,2500
2025-09-29,Keyboard,Accessories,6369.42,4,1500
2025-09-29,Mouse,Accessories,3608.65,5,800
2025-09-29,Office Chair,Furniture,56040.43,7,9000
2025-09-29,Desk,Furniture,12497.82,1,12000
2025-09-29,Monitor,Electronics,15492.09,1,15000
2025-09-30,Laptop,Electronics,165876.21,3,55000
2025-09-30,Smartphone,Electronics,199944.63,7,30000
2025-09-30,Headphones,Accessories,15423.82,6,2500
2025-09-30,Keyboard,Accessories,3160.52,2,1500
2025-09-30,Mouse,Accessories,1599.18,2,800
2025-09-30,Office Chair,Furniture,25940.27,3,9000
2025-09-30,Desk,Furniture,23484.51,2,12000
2025-09-30,Monitor,Electronics,63530.09,4,15000
2025-10-01,Laptop,Electronics,118612.14,2,55000
2025-10-01,Smartphone,Electronics,191947.28,6,30000
2025-10-01,Headphones,Accessories,21469.26,8,2500
2025-10-01,Keyboard,Accessories,7755.98,5,1500
2025-10-01,Mouse,Accessories,1712.86,2,800
2025-10-01,Office Chair,Furniture,9635.87,1,9000
2025-10-01,Desk,Furniture,89588.44,7,12000
2025-10-01,Monitor,Electronics,128982.42,8,15000
2025-10-02,Laptop,Electronics,183732.6,3,55000
2025-10-02,Smartphone,Electronics,29689.96,1,30000
2025-10-02,Headphones,Accessories,4449.17,2,2500
2025-10-02,Keyboard,Accessories,10854.52,8,1500
2025-10-02,Mouse,Accessories,723.34,1,800
2025-10-02,Office Chair,Furniture,68049.59,8,9000
2025-10-02,Desk,Furniture,13066.17,1,12000
2025-10-02,Monitor,Electronics,44341.65,3,15000
2025-10-03,Laptop,Electronics,152156.62,3,55000
2025-10-03,Smartphone,Electronics,251126.56,8,30000
2025-10-03,Headphones,Accessories,15985.68,6,2500
2025-10-03,Keyboard,Accessories,4323.22,3,1500
2025-10-03,Mouse,Accessories,4137.06,5,800
2025-10-03,Office Chair,Furniture,63783.65,7,9000
2025-10-03,Desk,Furniture,87305.35,8,12000
2025-10-03,Monitor,Electronics,83075.77,5,15000
2025-10-04,Laptop,Electronics,243129.24,4,55000
2025-10-04,Smartphone,Electronics,26470.9,1,30000
2025-10-04,Headphones,Accessories,24000.21,10,2500
2025-10-04,Keyboard,Accessories,1395.36,1,1500
2025-10-04,Mouse,Accessories,7876.33,10,800
2025-10-04,Office Chair,Furniture,18930.68,2,9000
2025-10-04,Desk,Furniture,25070.65,2,12000
2025-10-04,Monitor,Electronics,142169.95,10,15000
2025-10-05,Laptop,Electronics,112891.55,2,55000
2025-10-05,Smartphone,Electronics,302367.1,10,30000
2025-10-05,Headphones,Accessories,4983.27,2,2500
2025-10-05,Keyboard,Accessories,14501.28,10,1500
2025-10-05,Mouse,Accessories,3725.25,5,800
2025-10-05,Office Chair,Furniture,49244.02,5,9000
2025-10-05,Desk,Furniture,62314.47,5,12000
2025-10-05,Monitor,Electronics,14696.79,1,15000
2025-10-06,Laptop,Electronics,343609.04,7,55000
2025-10-06,Smartphone,Electronics,140629.53,5,30000
2025-10-06,Headphones,Accessories,14795.95,6,2500
2025-10-06,Keyboard,Accessories,10653.74,7,1500
2025-10-06,Mouse,Accessories,1612.4,2,800
2025-10-06,Office Chair,Furniture,59358.24,6,9000
2025-10-06,Desk,Furniture,22220.46,2,12000
2025-10-06,Monitor,Electronics,95259.25,7,15000
2025-10-07,Laptop,Electronics,295871.04,5,55000
2025-10-07,Smartphone,Electronics,63787.1,2,30000
2025-10-07,Headphones,Accessories,2228.45,1,2500
2025-10-07,Keyboard,Accessories,8239.16,5,1500
2025-10-07,Mouse,Accessories,1484.24,2,800
2025-10-07,Office Chair,Furniture,16693.09,2,9000
2025-10-07,Desk,Furniture,25557.57,2,12000
2025-10-07,Monitor,Electronics,95561.13,7,15000
2025-10-08,Laptop,Electronics,428773.81,7,55000
2025-10-08,Smartphone,Electronics,29875.64,1,30000
2025-10-08,Headphones,Accessories,11841.39,5,2500
2025-10-08,Keyboard,Accessories,11460.75,8,1500
2025-10-08,Mouse,Accessories,2210.9,3,800
2025-10-08,Office Chair,Furniture,9634.81,1,9000
2025-10-08,Desk,Furniture,98969.97,8,12000
2025-10-08,Monitor,Electronics,50237.46,3,15000
2025-10-09,Laptop,Electronics,260697.57,5,55000
2025-10-09,Smartphone,Electronics,191197.58,7,30000
2025-10-09,Headphones,Accessories,5406.67,2,2500
2025-10-09,Keyboard,Accessories,7020.5,5,1500
2025-10-09,Mouse,Accessories,812.89,1,800
2025-10-09,Office Chair,Furniture,70120.08,7,9000
2025-10-09,Desk,Furniture,77021.62,6,12000
2025-10-09,Monitor,Electronics,94001.1,7,15000
2025-10-10,Laptop,Electronics,282637.92,5,55000
2025-10-10,Smartphone,Electronics,181683.97,6,30000
2025-10-10,Headphones,Accessories,5450.45,2,2500
2025-10-10,Keyboard,Accessories,9439.62,6,1500
2025-10-10,Mouse,Accessories,2132.86,3,800
2025-10-10,Office Chair,Furniture,69818.23,7,9000
2025-10-10,Desk,Furniture,21779.16,2,12000
2025-10-10,Monitor,Electronics,49547.55,3,15000
2025-10-11,Laptop,Electronics,532301.37,10,55000
2025-10-11,Smartphone,Electronics,120985.55,4,30000
2025-10-11,Headphones,Accessories,16226.39,7,2500
2025-10-11,Keyboard,Accessories,6637.95,4,1500
2025-10-11,Mouse,Accessories,2955.2,4,800
2025-10-11,Office Chair,Furniture,19598.1,2,9000
2025-10-11,Desk,Furniture,93748.87,8,12000
2025-10-11,Monitor,Electronics,66664.1,4,15000
2025-10-12,Laptop,Electronics,109773.15,2,55000
2025-10-12,Smartphone,Electronics,29862.78,1,30000
2025-10-12,Headphones,Accessories,22547.51,10,2500
2025-10-12,Keyboard,Accessories,10710.53,8,1500
2025-10-12,Mouse,Accessories,2899.07,4,800
2025-10-12,Office Chair,Furniture,58385.28,7,9000
2025-10-12,Desk,Furniture,62172.48,5,12000
2025-10-12,Monitor,Electronics,29902.02,2,15000
2025-10-13,Laptop,Electronics,456827.39,8,55000
2025-10-13,Smartphone,Electronics,28474.7,1,30000
2025-10-13,Headphones,Accessories,2638.31,1,2500
2025-10-13,Keyboard,Accessories,8041.83,6,1500
2025-10-13,Mouse,Accessories,5642.43,8,800
2025-10-13,Office Chair,Furniture,7923.91,1,9000
2025-10-13,Desk,Furniture,80567.46,6,12000
2025-10-13,Monitor,Electronics,68686.82,5,15000
2025-10-14,Laptop,Electronics,408817.79,8,55000
2025-10-14,Smartphone,Electronics,180870.92,6,30000
2025-10-14,Headphones,Accessories,4423.67,2,2500
2025-10-14,Keyboard,Accessories,10235.38,7,1500
2025-10-14,Mouse,Accessories,4362.53,6,800
2025-10-14,Office Chair,Furniture,17472.08,2,9000
2025-10-14,Desk,Furniture,68363.99,6,12000
2025-10-14,Monitor,Electronics,46982.8,3,15000
2025-10-15,Laptop,Electronics,161333.25,3,55000
2025-10-15,Smartphone,Electronics,54397.25,2,30000
2025-10-15,Headphones,Accessories,5196.89,2,2500
2025-10-15,Keyboard,Accessories,10336.78,7,1500
2025-10-15,Mouse,Accessories,715.24,1,800
2025-10-15,Office Chair,Furniture,19619.74,2,9000
2025-10-15,Desk,Furniture,66926.2,5,12000
2025-10-15,Monitor,Electronics,98599.47,6,15000
2025-10-16,Laptop,Electronics,267044.45,5,55000
2025-10-16,Smartphone,Electronics,135820.52,5,30000
2025-10-16,Headphones,Accessories,7164.06,3,2500
2025-10-16,Keyboard,Accessories,7907.89,5,1500
2025-10-16,Mouse,Accessories,5227.71,6,800
2025-10-16,Office Chair,Furniture,57906.29,7,9000
2025-10-16,Desk,Furniture,78873.91,6,12000
2025-10-16,Monitor,Electronics,13805.74,1,15000
2025-10-17,Laptop,Electronics,53145.97,1,55000
2025-10-17,Smartphone,Electronics,95647.51,3,30000
2025-10-17,Headphones,Accessories,7545.25,3,2500
2025-10-17,Keyboard,Accessories,11462.23,8,1500
2025-10-17,Mouse,Accessories,6856.11,8,800
2025-10-17,Office Chair,Furniture,48959.01,6,9000
2025-10-17,Desk,Furniture,75503.32,6,12000
2025-10-17,Monitor,Electronics,81397.9,6,15000
2025-10-18,Laptop,Electronics,403320.7,8,55000
2025-10-18,Smartphone,Electronics,28762.1,1,30000
2025-10-18,Headphones,Accessories,4894.1,2,2500
2025-10-18,Keyboard,Accessories,12530.87,8,1500
2025-10-18,Mouse,Accessories,2981.99,4,800
2025-10-18,Office Chair,Furniture,56053.81,7,9000
2025-10-18,Desk,Furniture,51430.68,4,12000
2025-10-18,Monitor,Electronics,80454.11,5,15000
2025-10-19,Laptop,Electronics,388326.77,8,55000
2025-10-19,Smartphone,Electronics,140899.38,5,30000
2025-10-19,Headphones,Accessories,4524.05,2,2500
2025-10-19,Keyboard,Accessories,1673.17,1,1500
2025-10-19,Mouse,Accessories,766.91,1,800
2025-10-19,Office Chair,Furniture,56734.27,7,9000
2025-10-19,Desk,Furniture,119309.4,10,12000
2025-10-19,Monitor,Electronics,66395.76,5,15000
2025-10-20,Laptop,Electronics,263112.05,5,55000
2025-10-20,Smartphone,Electronics,62262.51,2,30000
2025-10-20,Headphones,Accessories,12440.38,5,2500
2025-10-20,Keyboard,Accessories,1570.57,1,1500
2025-10-20,Mouse,Accessories,6024.02,7,800
2025-10-20,Office Chair,Furniture,24211.31,3,9000
2025-10-20,Desk,Furniture,26221.64,2,12000
2025-10-20,Monitor,Electronics,79359.62,5,15000
2025-10-21,Laptop,Electronics,146532.53,3,55000
2025-10-21,Smartphone,Electronics,29266.23,1,30000
2025-10-21,Headphones,Accessories,2307.58,1,2500
2025-10-21,Keyboard,Accessories,1329.05,1,1500
2025-10-21,Mouse,Accessories,2301.72,3,800
2025-10-21,Office Chair,Furniture,19282.38,2,9000
2025-10-21,Desk,Furniture,70985.22,6,12000
2025-10-21,Monitor,Electronics,31240.41,2,15000
2025-10-22,Laptop,Electronics,275685.92,5,55000
2025-10-22,Smartphone,Electronics,59092.15,2,30000
2025-10-22,Headphones,Accessories,11212.75,5,2500
2025-10-22,Keyboard,Accessories,9045.09,6,1500
2025-10-22,Mouse,Accessories,4327.78,5,800
2025-10-22,Office Chair,Furniture,29955.74,3,9000
2025-10-22,Desk,Furniture,74491.28,7,12000
2025-10-22,Monitor,Electronics,13273.01,1,15000
2025-10-23,Laptop,Electronics,103638.53,2,55000
2025-10-23,Smartphone,Electronics,195628.67,7,30000
2025-10-23,Headphones,Accessories,12758.62,5,2500
2025-10-23,Keyboard,Accessories,9690.14,7,1500
2025-10-23,Mouse,Accessories,2548.78,3,800
2025-10-23,Office Chair,Furniture,27055.33,3,9000
2025-10-23,Desk,Furniture,26798.91,2,12000
2025-10-23,Monitor,Electronics,26610.03,2,15000
2025-10-24,Laptop,Electronics,121768.71,2,55000
2025-10-24,Smartphone,Electronics,142752.2,5,30000
2025-10-24,Headphones,Accessories,17977.58,8,2500
2025-10-24,Keyboard,Accessories,3257.59,2,1500
2025-10-24,Mouse,Accessories,2172.71,3,800
2025-10-24,Office Chair,Furniture,9423.84,1,9000
2025-10-24,Desk,Furniture,11830.74,1,12000
2025-10-24,Monitor,Electronics,97715.37,7,15000
2025-10-25,Laptop,Electronics,350436.92,7,55000
2025-10-25,Smartphone,Electronics,152110.4,5,30000
2025-10-25,Headphones,Accessories,22665.97,10,2500
2025-10-25,Keyboard,Accessories,12344.0,8,1500
2025-10-25,Mouse,Accessories,5826.63,8,800
2025-10-25,Office Chair,Furniture,19234.69,2,9000
2025-10-25,Desk,Furniture,113796.36,10,12000
2025-10-25,Monitor,Electronics,57628.87,4,15000
2025-10-26,Laptop,Electronics,411340.64,7,55000
2025-10-26,Smartphone,Electronics,110312.37,4,30000
2025-10-26,Headphones,Accessories,16155.15,7,2500
2025-10-26,Keyboard,Accessories,13244.73,10,1500
2025-10-26,Mouse,Accessories,848.57,1,800
2025-10-26,Office Chair,Furniture,94994.38,10,9000
2025-10-26,Desk,Furniture,108424.07,10,12000
2025-10-26,Monitor,Electronics,113316.82,7,15000
2025-10-27,Laptop,Electronics,178231.89,3,55000
2025-10-27,Smartphone,Electronics,60696.97,2,30000
2025-10-27,Headphones,Accessories,13500.13,5,2500
2025-10-27,Keyboard,Accessories,4264.48,3,1500
2025-10-27,Mouse,Accessories,4765.99,6,800
2025-10-27,Office Chair,Furniture,24787.31,3,9000
2025-10-27,Desk,Furniture,11601.9,1,12000
2025-10-27,Monitor,Electronics,108179.59,7,15000
2025-10-28,Laptop,Electronics,292398.29,5,55000
2025-10-28,Smartphone,Electronics,233580.26,7,30000
2025-10-28,Headphones,Accessories,2571.01,1,2500
2025-10-28,Keyboard,Accessories,9398.4,7,1500
2025-10-28,Mouse,Accessories,4727.46,6,800
2025-10-28,Office Chair,Furniture,64628.57,7,9000
2025-10-28,Desk,Furniture,24465.05,2,12000
2025-10-28,Monitor,Electronics,99802.8,7,15000
2025-10-29,Laptop,Electronics,154182.75,3,55000
2025-10-29,Smartphone,Electronics,82669.03,3,30000
2025-10-29,Headphones,Accessories,7526.87,3,2500
2025-10-29,Keyboard,Accessories,9188.21,6,1500
2025-10-29,Mouse,Accessories,6941.5,8,800
2025-10-29,Office Chair,Furniture,63943.16,7,9000
2025-10-29,Desk,Furniture,93586.63,7,12000
2025-10-29,Monitor,Electronics,92053.0,6,15000
2025-10-30,Laptop,Electronics,183067.34,3,55000
2025-10-30,Smartphone,Electronics,162272.09,6,30000
2025-10-30,Headphones,Accessories,7943.26,3,2500
2025-10-30,Keyboard,Accessories,4811.21,3,1500
2025-10-30,Mouse,Accessories,2444.73,3,800
2025-10-30,Office Chair,Furniture,25544.97,3,9000
2025-10-30,Desk,Furniture,92935.52,8,12000
2025-10-30,Monitor,Electronics,115874.68,7,15000
2025-10-31,Laptop,Electronics,357425.96,6,55000
2025-10-31,Smartphone,Electronics,207705.93,7,30000
2025-10-31,Headphones,Accessories,13552.34,5,2500
2025-10-31,Keyboard,Accessories,8441.65,6,1500
2025-10-31,Mouse,Accessories,5634.43,8,800
2025-10-31,Office Chair,Furniture,26666.18,3,9000
2025-10-31,Desk,Furniture,40295.22,3,12000
2025-10-31,Monitor,Electronics,44483.58,3,15000
2025-11-01,Laptop,Electronics,305046.02,5,55000
2025-11-01,Smartphone,Electronics,319829.49,10,30000
2025-11-01,Headphones,Accessories,10625.69,4,2500
2025-11-01,Keyboard,Accessories,5824.71,4,1500
2025-11-01,Mouse,Accessories,3763.5,5,800
2025-11-01,Office Chair,Furniture,15889.79,2,9000
2025-11-01,Desk,Furniture,51263.81,4,12000
2025-11-01,Monitor,Electronics,62850.79,4,15000
2025-11-02,Laptop,Electronics,367317.66,7,55000
2025-11-02,Smartphone,Electronics,26618.73,1,30000
2025-11-02,Headphones,Accessories,20420.98,8,2500
2025-11-02,Keyboard,Accessories,1630.48,1,1500
2025-11-02,Mouse,Accessories,3756.88,5,800
2025-11-02,Office Chair,Furniture,34564.16,4,9000
2025-11-02,Desk,Furniture,124052.45,10,12000
2025-11-02,Monitor,Electronics,134585.33,10,15000
2025-11-03,Laptop,Electronics,153390.75,3,55000
2025-11-03,Smartphone,Electronics,30309.07,1,30000
2025-11-03,Headphones,Accessories,4615.59,2,2500
2025-11-03,Keyboard,Accessories,9898.55,7,1500
2025-11-03,Mouse,Accessories,6082.06,7,800
2025-11-03,Office Chair,Furniture,59098.44,7,9000
2025-11-03,Desk,Furniture,24999.46,2,12000
2025-11-03,Monitor,Electronics,15701.35,1,15000
2025-11-04,Laptop,Electronics,484141.91,8,55000
2025-11-04,Smartphone,Electronics,248227.2,8,30000
2025-11-04,Headphones,Accessories,8118.07,3,2500
2025-11-04,Keyboard,Accessories,9998.32,6,1500
2025-11-04,Mouse,Accessories,6797.65,8,800
2025-11-04,Office Chair,Furniture,67589.55,7,9000
2025-11-04,Desk,Furniture,39916.69,3,12000
2025-11-04,Monitor,Electronics,88634.39,6,15000
2025-11-05,Laptop,Electronics,169409.74,3,55000
2025-11-05,Smartphone,Electronics,79529.72,3,30000
2025-11-05,Headphones,Accessories,2213.53,1,2500
2025-11-05,Keyboard,Accessories,6694.33,5,1500
2025-11-05,Mouse,Accessories,2518.03,3,800
2025-11-05,Office Chair,Furniture,18097.51,2,9000
2025-11-05,Desk,Furniture,24885.06,2,12000
2025-11-05,Monitor,Electronics,116887.91,8,15000
2025-11-06,Laptop,Electronics,310036.25,6,55000
2025-11-06,Smartphone,Electronics,29420.5,1,30000
2025-11-06,Headphones,Accessories,13161.76,5,2500
2025-11-06,Keyboard,Accessories,6846.12,5,1500
2025-11-06,Mouse,Accessories,4244.78,6,800
2025-11-06,Office Chair,Furniture,16622.86,2,9000
2025-11-06,Desk,Furniture,64309.03,5,12000
2025-11-06,Monitor,Electronics,14887.15,1,15000
2025-11-07,Laptop,Electronics,359104.18,6,55000
2025-11-07,Smartphone,Electronics,33441.55,1,30000
2025-11-07,Headphones,Accessories,12279.64,5,2500
2025-11-07,Keyboard,Accessories,1381.25,1,1500
2025-11-07,Mouse,Accessories,870.87,1,800
2025-11-07,Office Chair,Furniture,25764.42,3,9000
2025-11-07,Desk,Furniture,92608.09,7,12000
2025-11-07,Monitor,Electronics,96264.79,7,15000
2025-11-08,Laptop,Electronics,235151.94,4,55000
2025-11-08,Smartphone,Electronics,30692.52,1,30000
2025-11-08,Headphones,Accessories,22247.4,8,2500
2025-11-08,Keyboard,Accessories,1386.79,1,1500
2025-11-08,Mouse,Accessories,1581.6,2,800
2025-11-08,Office Chair,Furniture,94061.46,10,9000
2025-11-08,Desk,Furniture,76914.11,7,12000
2025-11-08,Monitor,Electronics,116489.15,7,15000
2025-11-09,Laptop,Electronics,103756.59,2,55000
2025-11-09,Smartphone,Electronics,324925.96,10,30000
2025-11-09,Headphones,Accessories,9973.92,4,2500
2025-11-09,Keyboard,Accessories,13764.35,10,1500
2025-11-09,Mouse,Accessories,5797.57,8,800
2025-11-09,Office Chair,Furniture,15937.22,2,9000
2025-11-09,Desk,Furniture,12086.1,1,12000
2025-11-09,Monitor,Electronics,109537.16,7,15000
2025-11-10,Laptop,Electronics,60406.13,1,55000
2025-11-10,Smartphone,Electronics,175248.69,6,30000
2025-11-10,Headphones,Accessories,8017.23,3,2500
2025-11-10,Keyboard,Accessories,1374.78,1,1500
2025-11-10,Mouse,Accessories,3650.8,5,800
2025-11-10,Office Chair,Furniture,49923.4,5,9000
2025-11-10,Desk,Furniture,26177.94,2,12000
2025-11-10,Monitor,Electronics,78135.46,5,15000
2025-11-11,Laptop,Electronics,418202.35,7,55000
2025-11-11,Smartphone,Electronics,230514.95,8,30000
2025-11-11,Headphones,Accessories,13407.69,5,2500
2025-11-11,Keyboard,Accessories,11677.79,8,1500
2025-11-11,Mouse,Accessories,4450.59,5,800
2025-11-11,Office Chair,Furniture,48699.83,6,9000
2025-11-11,Desk,Furniture,75248.42,7,12000
2025-11-11,Monitor,Electronics,117281.84,8,15000
2025-11-12,Laptop,Electronics,279158.85,5,55000
2025-11-12,Smartphone,Electronics,61349.36,2,30000
2025-11-12,Headphones,Accessories,7062.59,3,2500
2025-11-12,Keyboard,Accessories,1381.39,1,1500
2025-11-12,Mouse,Accessories,7114.87,8,800
2025-11-12,Office Chair,Furniture,9824.81,1,9000
2025-11-12,Desk,Furniture,34209.29,3,12000
2025-11-12,Monitor,Electronics,99051.23,6,15000
2025-11-13,Laptop,Electronics,315314.86,6,55000
2025-11-13,Smartphone,Electronics,227006.17,8,30000
2025-11-13,Headphones,Accessories,2432.66,1,2500
2025-11-13,Keyboard,Accessories,6957.57,5,1500
2025-11-13,Mouse,Accessories,6085.27,7,800
2025-11-13,Office Chair,Furniture,50993.43,6,9000
2025-11-13,Desk,Furniture,66346.33,6,12000
2025-11-13,Monitor,Electronics,85549.57,6,15000
2025-11-14,Laptop,Electronics,259818.26,5,55000
2025-11-14,Smartphone,Electronics,85953.95,3,30000
2025-11-14,Headphones,Accessories,11664.58,5,2500
2025-11-14,Keyboard,Accessories,1609.67,1,1500
2025-11-14,Mouse,Accessories,6973.81,8,800
2025-11-14,Office Chair,Furniture,9642.69,1,9000
2025-11-14,Desk,Furniture,99934.02,8,12000
2025-11-14,Monitor,Electronics,41166.35,3,15000
2025-11-15,Laptop,Electronics,429745.19,8,55000
2025-11-15,Smartphone,Electronics,311192.65,10,30000
2025-11-15,Headphones,Accessories,17679.93,7,2500
2025-11-15,Keyboard,Accessories,9407.05,7,1500
2025-11-15,Mouse,Accessories,803.94,1,800
2025-11-15,Office Chair,Furniture,31691.71,4,9000
2025-11-15,Desk,Furniture,88317.33,7,12000
2025-11-15,Monitor,Electronics,161637.67,10,15000
2025-11-16,Laptop,Electronics,274189.45,5,55000
2025-11-16,Smartphone,Electronics,250797.97,8,30000
2025-11-16,Headphones,Accessories,2492.82,1,2500
2025-11-16,Keyboard,Accessories,3271.79,2,1500
2025-11-16,Mouse,Accessories,7672.27,10,800
2025-11-16,Office Chair,Furniture,70456.64,7,9000
2025-11-16,Desk,Furniture,26320.57,2,12000
2025-11-16,Monitor,Electronics,132970.94,8,15000
2025-11-17,Laptop,Electronics,292095.85,5,55000
2025-11-17,Smartphone,Electronics,159047.94,6,30000
2025-11-17,Headphones,Accessories,13568.01,6,2500
2025-11-17,Keyboard,Accessories,6924.0,5,1500
2025-11-17,Mouse,Accessories,893.32,1,800
2025-11-17,Office Chair,Furniture,15928.13,2,9000
2025-11-17,Desk,Furniture,25726.63,2,12000
2025-11-17,Monitor,Electronics,16304.41,1,15000
2025-11-18,Laptop,Electronics,432660.12,8,55000
2025-11-18,Smartphone,Electronics,218780.67,7,30000
2025-11-18,Headphones,Accessories,19157.31,7,2500
2025-11-18,Keyboard,Accessories,10271.31,7,1500
2025-11-18,Mouse,Accessories,6016.66,7,800
2025-11-18,Office Chair,Furniture,29896.82,3,9000
2025-11-18,Desk,Furniture,36920.27,3,12000
2025-11-18,Monitor,Electronics,115914.57,8,15000
2025-11-19,Laptop,Electronics,323515.95,6,55000
2025-11-19,Smartphone,Electronics,141541.26,5,30000
2025-11-19,Headphones,Accessories,2497.84,1,2500
2025-11-19,Keyboard,Accessories,9922.77,6,1500
2025-11-19,Mouse,Accessories,841.97,1,800
2025-11-19,Office Chair,Furniture,46632.71,5,9000
2025-11-19,Desk,Furniture,58743.72,5,12000
2025-11-19,Monitor,Electronics,74991.88,5,15000
2025-11-20,Laptop,Electronics,106606.63,2,55000
2025-11-20,Smartphone,Electronics,179091.53,6,30000
2025-11-20,Headphones,Accessories,11610.61,5,2500
2025-11-20,Keyboard,Accessories,3273.9,2,1500
2025-11-20,Mouse,Accessories,2672.9,3,800
2025-11-20,Office Chair,Furniture,23990.77,3,9000
2025-11-20,Desk,Furniture,66208.13,5,12000
2025-11-20,Monitor,Electronics,106482.79,7,15000
2025-11-21,Laptop,Electronics,354665.16,7,55000
2025-11-21,Smartphone,Electronics,225728.05,8,30000
2025-11-21,Headphones,Accessories,15667.16,7,2500
2025-11-21,Keyboard,Accessories,2737.87,2,1500
2025-11-21,Mouse,Accessories,4044.07,5,800
2025-11-21,Office Chair,Furniture,24149.27,3,9000
2025-11-21,Desk,Furniture,87790.56,8,12000
2025-11-21,Monitor,Electronics,68671.23,5,15000
2025-11-22,Laptop,Electronics,201194.46,4,55000
2025-11-22,Smartphone,Electronics,167960.37,5,30000
2025-11-22,Headphones,Accessories,9222.87,4,2500
2025-11-22,Keyboard,Accessories,14620.78,10,1500
2025-11-22,Mouse,Accessories,1632.83,2,800
2025-11-22,Office Chair,Furniture,46604.09,5,9000
2025-11-22,Desk,Furniture,112020.96,10,12000
2025-11-22,Monitor,Electronics,30171.06,2,15000
2025-11-23,Laptop,Electronics,114178.69,2,55000
2025-11-23,Smartphone,Electronics,132428.32,5,30000
2025-11-23,Headphones,Accessories,12556.81,5,2500
2025-11-23,Keyboard,Accessories,1455.43,1,1500
2025-11-23,Mouse,Accessories,8171.78,10,800
2025-11-23,Office Chair,Furniture,44089.34,5,9000
2025-11-23,Desk,Furniture,13232.35,1,12000
2025-11-23,Monitor,Electronics,30918.04,2,15000
2025-11-24,Laptop,Electronics,360722.3,7,55000
2025-11-24,Smartphone,Electronics,222509.64,7,30000
2025-11-24,Headphones,Accessories,15878.58,6,2500
2025-11-24,Keyboard,Accessories,12501.29,8,1500
2025-11-24,Mouse,Accessories,2528.78,3,800
2025-11-24,Office Chair,Furniture,18026.28,2,9000
2025-11-24,Desk,Furniture,24945.36,2,12000
2025-11-24,Monitor,Electronics,95242.78,6,15000
2025-11-25,Laptop,Electronics,178670.93,3,55000
2025-11-25,Smartphone,Electronics,26627.66,1,30000
2025-11-25,Headphones,Accessories,13650.05,5,2500
2025-11-25,Keyboard,Accessories,1616.52,1,1500
2025-11-25,Mouse,Accessories,5031.27,6,800
2025-11-25,Office Chair,Furniture,43796.14,5,9000
2025-11-25,Desk,Furniture,64783.55,5,12000
2025-11-25,Monitor,Electronics,43961.16,3,15000
2025-11-26,Laptop,Electronics,256106.86,5,55000
2025-11-26,Smartphone,Electronics,56891.1,2,30000
2025-11-26,Headphones,Accessories,13750.66,6,2500
2025-11-26,Keyboard,Accessories,2821.49,2,1500
2025-11-26,Mouse,Accessories,3890.43,5,800
2025-11-26,Office Chair,Furniture,71665.98,8,9000
2025-11-26,Desk,Furniture,21580.7,2,12000
2025-11-26,Monitor,Electronics,91960.28,6,15000
2025-11-27,Laptop,Electronics,252581.15,5,55000
2025-11-27,Smartphone,Electronics,206564.92,7,30000
2025-11-27,Headphones,Accessories,5280.89,2,2500
2025-11-27,Keyboard,Accessories,7508.53,5,1500
2025-11-27,Mouse,Accessories,4250.23,5,800
2025-11-27,Office Chair,Furniture,49121.5,6,9000
2025-11-27,Desk,Furniture,100789.57,8,12000
2025-11-27,Monitor,Electronics,69536.69,5,15000
2025-11-28,Laptop,Electronics,410622.11,7,55000
2025-11-28,Smartphone,Electronics,166482.07,5,30000
2025-11-28,Headphones,Accessories,4656.04,2,2500
2025-11-28,Keyboard,Accessories,10065.47,7,1500
2025-11-28,Mouse,Accessories,784.19,1,800
2025-11-28,Office Chair,Furniture,63698.87,8,9000
2025-11-28,Desk,Furniture,77287.88,6,12000
2025-11-28,Monitor,Electronics,131480.8,8,15000
2025-11-29,Laptop,Electronics,112386.06,2,55000
2025-11-29,Smartphone,Electronics,224714.84,7,30000
2025-11-29,Headphones,Accessories,16496.32,7,2500
2025-11-29,Keyboard,Accessories,1381.25,1,1500
2025-11-29,Mouse,Accessories,6065.61,7,800
2025-11-29,Office Chair,Furniture,36485.88,4,9000
2025-11-29,Desk,Furniture,60507.64,5,12000
2025-11-29,Monitor,Electronics,109239.46,8,15000
2025-11-30,Laptop,Electronics,99732.07,2,55000
2025-11-30,Smartphone,Electronics,255717.54,8,30000
2025-11-30,Headphones,Accessories,12053.73,5,2500
2025-11-30,Keyboard,Accessories,13030.72,8,1500
2025-11-30,Mouse,Accessories,1470.81,2,800
2025-11-30,Office Chair,Furniture,64004.63,7,9000
2025-11-30,Desk,Furniture,119879.6,10,12000
2025-11-30,Monitor,Electronics,55462.93,4,15000
2025-12-01,Laptop,Electronics,171659.95,3,55000
2025-12-01,Smartphone,Electronics,200071.71,6,30000
2025-12-01,Headphones,Accessories,18035.74,7,2500
2025-12-01,Keyboard,Accessories,7182.28,5,1500
2025-12-01,Mouse,Accessories,1600.13,2,800
2025-12-01,Office Chair,Furniture,16386.68,2,9000
2025-12-01,Desk,Furniture,76567.52,6,12000
2025-12-01,Monitor,Electronics,70648.76,5,15000
2025-12-02,Laptop,Electronics,251695.99,5,55000
2025-12-02,Smartphone,Electronics,219407.18,7,30000
2025-12-02,Headphones,Accessories,12244.54,5,2500
2025-12-02,Keyboard,Accessories,9047.38,6,1500
2025-12-02,Mouse,Accessories,1455.2,2,800
2025-12-02,Office Chair,Furniture,55365.25,6,9000
2025-12-02,Desk,Furniture,103965.96,8,12000
2025-12-02,Monitor,Electronics,108031.27,7,15000
2025-12-03,Laptop,Electronics,57762.95,1,55000
2025-12-03,Smartphone,Electronics,191207.32,6,30000
2025-12-03,Headphones,Accessories,20369.86,8,2500
2025-12-03,Keyboard,Accessories,4215.76,3,1500
2025-12-03,Mouse,Accessories,5333.2,7,800
2025-12-03,Office Chair,Furniture,78541.01,8,9000
2025-12-03,Desk,Furniture,23520.16,2,12000
2025-12-03,Monitor,Electronics,90739.74,6,15000
2025-12-04,Laptop,Electronics,56101.17,1,55000
2025-12-04,Smartphone,Electronics,88071.13,3,30000
2025-12-04,Headphones,Accessories,6614.88,3,2500
2025-12-04,Keyboard,Accessories,3319.37,2,1500
2025-12-04,Mouse,Accessories,6106.29,8,800
2025-12-04,Office Chair,Furniture,55091.55,6,9000
2025-12-04,Desk,Furniture,89712.07,7,12000
2025-12-04,Monitor,Electronics,15264.6,1,15000
2025-12-05,Laptop,Electronics,111579.37,2,55000
2025-12-05,Smartphone,Electronics,196255.83,6,30000
2025-12-05,Headphones,Accessories,13197.36,5,2500
2025-12-05,Keyboard,Accessories,4512.98,3,1500
2025-12-05,Mouse,Accessories,5518.06,7,800
2025-12-05,Office Chair,Furniture,48314.43,6,9000
2025-12-05,Desk,Furniture,11914.45,1,12000
2025-12-05,Monitor,Electronics,109752.03,8,15000
2025-12-06,Laptop,Electronics,271090.51,5,55000
2025-12-06,Smartphone,Electronics,294245.21,10,30000
2025-12-06,Headphones,Accessories,25445.76,10,2500
2025-12-06,Keyboard,Accessories,1483.52,1,1500
2025-12-06,Mouse,Accessories,3443.53,4,800
2025-12-06,Office Chair,Furniture,73997.99,8,9000
2025-12-06,Desk,Furniture,101151.96,8,12000
2025-12-06,Monitor,Electronics,102933.58,7,15000
2025-12-07,Laptop,Electronics,217467.91,4,55000
2025-12-07,Smartphone,Electronics,202451.93,7,30000
2025-12-07,Headphones,Accessories,10519.25,4,2500
2025-12-07,Keyboard,Accessories,7808.72,5,1500
2025-12-07,Mouse,Accessories,6160.19,7,800
2025-12-07,Office Chair,Furniture,16326.02,2,9000
2025-12-07,Desk,Furniture,51380.39,4,12000
2025-12-07,Monitor,Electronics,145448.39,10,15000
2025-12-08,Laptop,Electronics,355139.07,6,55000
2025-12-08,Smartphone,Electronics,177533.89,6,30000
2025-12-08,Headphones,Accessories,2748.49,1,2500
2025-12-08,Keyboard,Accessories,12894.05,8,1500
2025-12-08,Mouse,Accessories,1410.79,2,800
2025-12-08,Office Chair,Furniture,65995.53,7,9000
2025-12-08,Desk,Furniture,93680.47,8,12000
2025-12-08,Monitor,Electronics,73118.64,5,15000
2025-12-09,Laptop,Electronics,184026.64,3,55000
2025-12-09,Smartphone,Electronics,132349.21,5,30000
2025-12-09,Headphones,Accessories,2501.71,1,2500
2025-12-09,Keyboard,Accessories,11614.43,7,1500
2025-12-09,Mouse,Accessories,5310.75,6,800
2025-12-09,Office Chair,Furniture,8261.55,1,9000
2025-12-09,Desk,Furniture,89655.32,7,12000
2025-12-09,Monitor,Electronics,72544.05,5,15000
2025-12-10,Laptop,Electronics,179725.9,3,55000
2025-12-10,Smartphone,Electronics,185560.76,6,30000
2025-12-10,Headphones,Accessories,2288.65,1,2500
2025-12-10,Keyboard,Accessories,3167.25,2,1500
2025-12-10,Mouse,Accessories,6009.94,7,800
2025-12-10,Office Chair,Furniture,62741.36,7,9000
2025-12-10,Desk,Furniture,13367.07,1,12000
2025-12-10,Monitor,Electronics,73988.1,5,15000
2025-12-11,Laptop,Electronics,149575.15,3,55000
2025-12-11,Smartphone,Electronics,26675.06,1,30000
2025-12-11,Headphones,Accessories,15550.77,6,2500
2025-12-11,Keyboard,Accessories,1376.7,1,1500
2025-12-11,Mouse,Accessories,705.14,1,800
2025-12-11,Office Chair,Furniture,57922.48,7,9000
2025-12-11,Desk,Furniture,92702.97,8,12000
2025-12-11,Monitor,Electronics,43852.17,3,15000
2025-12-12,Laptop,Electronics,289988.89,5,55000
2025-12-12,Smartphone,Electronics,218447.13,7,30000
2025-12-12,Headphones,Accessories,5172.26,2,2500
2025-12-12,Keyboard,Accessories,9403.03,6,1500
2025-12-12,Mouse,Accessories,764.17,1,800
2025-12-12,Office Chair,Furniture,80024.55,8,9000
2025-12-12,Desk,Furniture,13047.1,1,12000
2025-12-12,Monitor,Electronics,112815.16,7,15000
2025-12-13,Laptop,Electronics,418627.67,7,55000
2025-12-13,Smartphone,Electronics,258741.77,8,30000
2025-12-13,Headphones,Accessories,16432.15,7,2500
2025-12-13,Keyboard,Accessories,7100.49,5,1500
2025-12-13,Mouse,Accessories,6897.81,8,800
2025-12-13,Office Chair,Furniture,18280.02,2,9000
2025-12-13,Desk,Furniture,91562.44,7,12000
2025-12-13,Monitor,Electronics,31043.33,2,15000
2025-12-14,Laptop,Electronics,358597.2,7,55000
2025-12-14,Smartphone,Electronics,65085.69,2,30000
2025-12-14,Headphones,Accessories,11576.1,5,2500
2025-12-14,Keyboard,Accessories,5928.77,4,1500
2025-12-14,Mouse,Accessories,1774.37,2,800
2025-12-14,Office Chair,Furniture,9348.89,1,9000
2025-12-14,Desk,Furniture,84637.07,7,12000
2025-12-14,Monitor,Electronics,117856.22,8,15000
2025-12-15,Laptop,Electronics,399496.65,8,55000
2025-12-15,Smartphone,Electronics,184653.03,6,30000
2025-12-15,Headphones,Accessories,15734.51,7,2500
2025-12-15,Keyboard,Accessories,6902.82,5,1500
2025-12-15,Mouse,Accessories,3835.6,5,800
2025-12-15,Office Chair,Furniture,65833.07,7,9000
2025-12-15,Desk,Furniture,56578.67,5,12000
2025-12-15,Monitor,Electronics,15535.3,1,15000
2025-12-16,Laptop,Electronics,111410.49,2,55000
2025-12-16,Smartphone,Electronics,157074.26,5,30000
2025-12-16,Headphones,Accessories,18910.03,7,2500
2025-12-16,Keyboard,Accessories,3009.06,2,1500
2025-12-16,Mouse,Accessories,2257.26,3,800
2025-12-16,Office Chair,Furniture,28165.17,3,9000
2025-12-16,Desk,Furniture,59662.58,5,12000
2025-12-16,Monitor,Electronics,120429.97,8,15000
2025-12-17,Laptop,Electronics,353029.23,6,55000
2025-12-17,Smartphone,Electronics,182713.5,6,30000
2025-12-17,Headphones,Accessories,13348.42,6,2500
2025-12-17,Keyboard,Accessories,7904.84,5,1500
2025-12-17,Mouse,Accessories,867.61,1,800
2025-12-17,Office Chair,Furniture,60589.51,7,9000
2025-12-17,Desk,Furniture,11718.65,1,12000
2025-12-17,Monitor,Electronics,14993.27,1,15000
2025-12-18,Laptop,Electronics,467527.78,8,55000
2025-12-18,Smartphone,Electronics,207897.47,7,30000
2025-12-18,Headphones,Accessories,6694.1,3,2500
2025-12-18,Keyboard,Accessories,8114.65,6,1500
2025-12-18,Mouse,Accessories,5067.47,7,800
2025-12-18,Office Chair,Furniture,9213.06,1,9000
2025-12-18,Desk,Furniture,37373.27,3,12000
2025-12-18,Monitor,Electronics,48183.82,3,15000
2025-12-19,Laptop,Electronics,274009.49,5,55000
2025-12-19,Smartphone,Electronics,135645.55,5,30000
2025-12-19,Headphones,Accessories,7287.52,3,2500
2025-12-19,Keyboard,Accessories,8054.34,5,1500
2025-12-19,Mouse,Accessories,6267.96,7,800
2025-12-19,Office Chair,Furniture,48057.83,6,9000
2025-12-19,Desk,Furniture,63027.02,5,12000
2025-12-19,Monitor,Electronics,106520.87,7,15000
2025-12-20,Laptop,Electronics,380774.61,7,55000
2025-12-20,Smartphone,Electronics,204545.3,7,30000
2025-12-20,Headphones,Accessories,21661.37,8,2500
2025-12-20,Keyboard,Accessories,10837.91,7,1500
2025-12-20,Mouse,Accessories,731.89,1,800
2025-12-20,Office Chair,Furniture,70198.19,7,9000
2025-12-20,Desk,Furniture,23522.23,2,12000
2025-12-20,Monitor,Electronics,13308.07,1,15000
2025-12-21,Laptop,Electronics,110460.22,2,55000
2025-12-21,Smartphone,Electronics,166312.49,5,30000
2025-12-21,Headphones,Accessories,5513.07,2,2500
2025-12-21,Keyboard,Accessories,13601.74,10,1500
2025-12-21,Mouse,Accessories,6115.85,8,800
2025-12-21,Office Chair,Furniture,85520.35,10,9000
2025-12-21,Desk,Furniture,91240.07,7,12000
2025-12-21,Monitor,Electronics,126080.53,8,15000
2025-12-22,Laptop,Electronics,357388.38,7,55000
2025-12-22,Smartphone,Electronics,265587.62,8,30000
2025-12-22,Headphones,Accessories,19485.13,8,2500
2025-12-22,Keyboard,Accessories,12935.08,8,1500
2025-12-22,Mouse,Accessories,5606.76,7,800
2025-12-22,Office Chair,Furniture,69660.98,8,9000
2025-12-22,Desk,Furniture,104907.02,8,12000
2025-12-22,Monitor,Electronics,45156.89,3,15000
2025-12-23,Laptop,Electronics,165679.15,3,55000
2025-12-23,Smartphone,Electronics,252582.56,8,30000
2025-12-23,Headphones,Accessories,13289.86,5,2500
2025-12-23,Keyboard,Accessories,13248.31,8,1500
2025-12-23,Mouse,Accessories,4613.34,6,800
2025-12-23,Office Chair,Furniture,51807.08,6,9000
2025-12-23,Desk,Furniture,11830.41,1,12000
2025-12-23,Monitor,Electronics,82185.81,6,15000
2025-12-24,Laptop,Electronics,358038.09,6,55000
2025-12-24,Smartphone,Electronics,140131.73,5,30000
2025-12-24,Headphones,Accessories,14563.99,6,2500
2025-12-24,Keyboard,Accessories,6727.84,5,1500
2025-12-24,Mouse,Accessories,5736.3,7,800
2025-12-24,Office Chair,Furniture,65430.57,8,9000
2025-12-24,Desk,Furniture,56960.69,5,12000
2025-12-24,Monitor,Electronics,48394.45,3,15000
2025-12-25,Laptop,Electronics,373745.34,7,55000
2025-12-25,Smartphone,Electronics,224716.96,7,30000
2025-12-25,Headphones,Accessories,6824.53,3,2500
2025-12-25,Keyboard,Accessories,10950.01,8,1500
2025-12-25,Mouse,Accessories,1765.32,2,800
2025-12-25,Office Chair,Furniture,58033.55,6,9000
2025-12-25,Desk,Furniture,71880.37,6,12000
2025-12-25,Monitor,Electronics,82979.37,5,15000
2025-12-26,Laptop,Electronics,353979.04,6,55000
2025-12-26,Smartphone,Electronics,237755.53,8,30000
2025-12-26,Headphones,Accessories,2574.33,1,2500
2025-12-26,Keyboard,Accessories,10253.37,7,1500
2025-12-26,Mouse,Accessories,2652.15,3,800
2025-12-26,Office Chair,Furniture,42306.28,5,9000
2025-12-26,Desk,Furniture,71444.43,6,12000
2025-12-26,Monitor,Electronics,16368.89,1,15000
2025-12-27,Laptop,Electronics,60187.62,1,55000
2025-12-27,Smartphone,Electronics,117574.64,4,30000
2025-12-27,Headphones,Accessories,10454.23,4,2500
2025-12-27,Keyboard,Accessories,16622.13,10,1500
2025-12-27,Mouse,Accessories,806.74,1,800
2025-12-27,Office Chair,Furniture,45224.81,5,9000
2025-12-27,Desk,Furniture,56432.82,5,12000
2025-12-27,Monitor,Electronics,75940.0,5,15000
2025-12-28,Laptop,Electronics,109342.09,2,55000
2025-12-28,Smartphone,Electronics,202938.08,7,30000
2025-12-28,Headphones,Accessories,12601.79,5,2500
2025-12-28,Keyboard,Accessories,3332.38,2,1500
2025-12-28,Mouse,Accessories,1473.38,2,800
2025-12-28,Office Chair,Furniture,70462.9,8,9000
2025-12-28,Desk,Furniture,120235.12,10,12000
2025-12-28,Monitor,Electronics,102711.76,7,15000
2025-12-29,Laptop,Electronics,117510.95,2,55000
2025-12-29,Smartphone,Electronics,59959.01,2,30000
2025-12-29,Headphones,Accessories,5381.98,2,2500
2025-12-29,Keyboard,Accessories,6904.39,5,1500
2025-12-29,Mouse,Accessories,2489.92,3,800
2025-12-29,Office Chair,Furniture,73813.54,8,9000
2025-12-29,Desk,Furniture,11251.4,1,12000
2025-12-29,Monitor,Electronics,32944.66,2,15000
2025-12-30,Laptop,Electronics,121439.39,2,55000
2025-12-30,Smartphone,Electronics,203375.55,7,30000
2025-12-30,Headphones,Accessories,12489.65,5,2500
2025-12-30,Keyboard,Accessories,3254.84,2,1500
2025-12-30,Mouse,Accessories,2312.74,3,800
2025-12-30,Office Chair,Furniture,51221.72,6,9000
2025-12-30,Desk,Furniture,94581.65,8,12000
2025-12-30,Monitor,Electronics,79871.57,5,15000
